latitude,longitude,elevation,utc_offset_seconds,timezone,timezone_abbreviation
14.5,-90.5,1491.0,-21600,America/Guatemala,GMT-6

time,precipitation_sum (mm)
2015-01-01,0.00
2015-01-02,0.00
2015-01-03,0.00
2015-01-04,0.10
2015-01-05,0.00
2015-01-06,0.00
2015-01-07,0.00
2015-01-08,0.00
2015-01-09,0.00
2015-01-10,0.00
2015-01-11,0.30
2015-01-12,0.00
2015-01-13,0.00
2015-01-14,0.00
2015-01-15,0.00
2015-01-16,0.00
2015-01-17,0.00
2015-01-18,0.00
2015-01-19,0.00
2015-01-20,0.00
2015-01-21,0.50
2015-01-22,0.00
2015-01-23,0.00
2015-01-24,0.10
2015-01-25,0.00
2015-01-26,0.00
2015-01-27,0.00
2015-01-28,0.00
2015-01-29,0.00
2015-01-30,0.00
2015-01-31,0.00
2015-02-01,0.00
2015-02-02,0.00
2015-02-03,0.00
2015-02-04,0.00
2015-02-05,0.00
2015-02-06,0.00
2015-02-07,0.00
2015-02-08,0.00
2015-02-09,1.10
2015-02-10,0.30
2015-02-11,0.10
2015-02-12,1.00
2015-02-13,0.00
2015-02-14,0.00
2015-02-15,0.00
2015-02-16,0.00
2015-02-17,0.00
2015-02-18,0.00
2015-02-19,0.00
2015-02-20,0.00
2015-02-21,0.00
2015-02-22,0.00
2015-02-23,0.00
2015-02-24,0.00
2015-02-25,0.00
2015-02-26,0.00
2015-02-27,0.30
2015-02-28,0.00
2015-03-01,0.00
2015-03-02,0.00
2015-03-03,0.00
2015-03-04,0.00
2015-03-05,0.00
2015-03-06,0.30
2015-03-07,0.00
2015-03-08,0.00
2015-03-09,0.00
2015-03-10,0.00
2015-03-11,0.00
2015-03-12,0.00
2015-03-13,0.00
2015-03-14,0.00
2015-03-15,0.20
2015-03-16,0.00
2015-03-17,0.00
2015-03-18,4.20
2015-03-19,2.60
2015-03-20,3.20
2015-03-21,6.70
2015-03-22,5.60
2015-03-23,0.00
2015-03-24,0.90
2015-03-25,3.70
2015-03-26,2.90
2015-03-27,6.80
2015-03-28,0.30
2015-03-29,0.90
2015-03-30,3.10
2015-03-31,0.00
2015-04-01,0.00
2015-04-02,0.10
2015-04-03,0.00
2015-04-04,0.00
2015-04-05,0.00
2015-04-06,0.00
2015-04-07,0.00
2015-04-08,0.40
2015-04-09,0.00
2015-04-10,0.00
2015-04-11,0.00
2015-04-12,2.00
2015-04-13,4.80
2015-04-14,2.60
2015-04-15,1.90
2015-04-16,2.80
2015-04-17,2.50
2015-04-18,2.00
2015-04-19,1.40
2015-04-20,3.50
2015-04-21,0.10
2015-04-22,0.00
2015-04-23,0.60
2015-04-24,0.00
2015-04-25,0.00
2015-04-26,1.10
2015-04-27,0.00
2015-04-28,4.90
2015-04-29,10.10
2015-04-30,9.70
2015-05-01,18.30
2015-05-02,3.10
2015-05-03,0.10
2015-05-04,0.30
2015-05-05,0.00
2015-05-06,0.40
2015-05-07,0.10
2015-05-08,0.10
2015-05-09,0.90
2015-05-10,0.90
2015-05-11,0.20
2015-05-12,0.30
2015-05-13,0.10
2015-05-14,0.00
2015-05-15,1.30
2015-05-16,13.90
2015-05-17,7.90
2015-05-18,7.50
2015-05-19,0.50
2015-05-20,14.50
2015-05-21,14.30
2015-05-22,2.90
2015-05-23,1.90
2015-05-24,19.20
2015-05-25,0.40
2015-05-26,3.60
2015-05-27,0.00
2015-05-28,0.00
2015-05-29,0.40
2015-05-30,0.30
2015-05-31,0.00
2015-06-01,11.50
2015-06-02,20.10
2015-06-03,18.40
2015-06-04,20.20
2015-06-05,24.70
2015-06-06,28.10
2015-06-07,6.70
2015-06-08,15.80
2015-06-09,5.70
2015-06-10,3.40
2015-06-11,13.80
2015-06-12,19.90
2015-06-13,16.70
2015-06-14,7.20
2015-06-15,3.90
2015-06-16,3.70
2015-06-17,0.20
2015-06-18,0.50
2015-06-19,0.30
2015-06-20,1.80
2015-06-21,0.00
2015-06-22,0.00
2015-06-23,0.00
2015-06-24,1.90
2015-06-25,2.60
2015-06-26,3.10
2015-06-27,0.00
2015-06-28,0.60
2015-06-29,5.90
2015-06-30,9.60
2015-07-01,0.00
2015-07-02,0.00
2015-07-03,0.20
2015-07-04,0.00
2015-07-05,2.60
2015-07-06,0.40
2015-07-07,0.10
2015-07-08,0.00
2015-07-09,10.40
2015-07-10,12.30
2015-07-11,2.40
2015-07-12,0.00
2015-07-13,0.10
2015-07-14,10.50
2015-07-15,18.30
2015-07-16,9.30
2015-07-17,7.30
2015-07-18,2.10
2015-07-19,15.90
2015-07-20,8.40
2015-07-21,10.00
2015-07-22,0.70
2015-07-23,0.70
2015-07-24,14.10
2015-07-25,0.20
2015-07-26,0.00
2015-07-27,0.00
2015-07-28,0.80
2015-07-29,0.20
2015-07-30,4.20
2015-07-31,0.10
2015-08-01,0.00
2015-08-02,8.70
2015-08-03,0.50
2015-08-04,0.00
2015-08-05,0.40
2015-08-06,0.60
2015-08-07,0.00
2015-08-08,0.00
2015-08-09,0.80
2015-08-10,0.50
2015-08-11,6.90
2015-08-12,13.80
2015-08-13,0.10
2015-08-14,0.80
2015-08-15,8.80
2015-08-16,1.90
2015-08-17,10.80
2015-08-18,3.90
2015-08-19,3.30
2015-08-20,9.20
2015-08-21,0.20
2015-08-22,0.00
2015-08-23,0.00
2015-08-24,0.00
2015-08-25,0.20
2015-08-26,8.70
2015-08-27,2.90
2015-08-28,12.20
2015-08-29,0.40
2015-08-30,0.30
2015-08-31,3.00
2015-09-01,21.60
2015-09-02,19.00
2015-09-03,23.30
2015-09-04,13.70
2015-09-05,14.80
2015-09-06,13.50
2015-09-07,2.90
2015-09-08,2.70
2015-09-09,2.30
2015-09-10,6.10
2015-09-11,12.10
2015-09-12,4.60
2015-09-13,14.40
2015-09-14,18.00
2015-09-15,14.40
2015-09-16,20.60
2015-09-17,0.30
2015-09-18,6.90
2015-09-19,13.10
2015-09-20,14.10
2015-09-21,14.90
2015-09-22,21.40
2015-09-23,16.10
2015-09-24,19.50
2015-09-25,13.80
2015-09-26,16.70
2015-09-27,13.90
2015-09-28,38.60
2015-09-29,47.20
2015-09-30,10.10
2015-10-01,6.10
2015-10-02,0.80
2015-10-03,7.40
2015-10-04,4.00
2015-10-05,4.50
2015-10-06,4.20
2015-10-07,0.00
2015-10-08,0.00
2015-10-09,0.60
2015-10-10,0.60
2015-10-11,0.50
2015-10-12,0.40
2015-10-13,0.20
2015-10-14,0.40
2015-10-15,4.80
2015-10-16,20.00
2015-10-17,29.70
2015-10-18,12.90
2015-10-19,19.30
2015-10-20,2.10
2015-10-21,11.20
2015-10-22,5.60
2015-10-23,1.00
2015-10-24,3.40
2015-10-25,2.90
2015-10-26,8.90
2015-10-27,1.00
2015-10-28,2.80
2015-10-29,6.50
2015-10-30,1.60
2015-10-31,0.30
2015-11-01,1.10
2015-11-02,0.80
2015-11-03,0.00
2015-11-04,0.20
2015-11-05,0.80
2015-11-06,1.30
2015-11-07,12.80
2015-11-08,0.50
2015-11-09,1.40
2015-11-10,2.20
2015-11-11,1.50
2015-11-12,1.00
2015-11-13,0.30
2015-11-14,18.80
2015-11-15,18.10
2015-11-16,1.40
2015-11-17,3.10
2015-11-18,2.00
2015-11-19,0.60
2015-11-20,11.50
2015-11-21,20.10
2015-11-22,11.30
2015-11-23,0.80
2015-11-24,0.60
2015-11-25,0.40
2015-11-26,0.10
2015-11-27,1.20
2015-11-28,0.00
2015-11-29,0.00
2015-11-30,0.00
2015-12-01,0.00
2015-12-02,0.00
2015-12-03,0.00
2015-12-04,0.00
2015-12-05,0.00
2015-12-06,0.00
2015-12-07,0.30
2015-12-08,0.10
2015-12-09,0.00
2015-12-10,0.10
2015-12-11,0.00
2015-12-12,0.00
2015-12-13,0.60
2015-12-14,1.10
2015-12-15,2.80
2015-12-16,2.90
2015-12-17,0.40
2015-12-18,0.10
2015-12-19,0.00
2015-12-20,0.00
2015-12-21,0.00
2015-12-22,0.00
2015-12-23,0.10
2015-12-24,0.00
2015-12-25,0.00
2015-12-26,0.00
2015-12-27,0.00
2015-12-28,0.00
2015-12-29,0.00
2015-12-30,0.00
2015-12-31,0.00
2016-01-01,0.00
2016-01-02,0.00
2016-01-03,0.00
2016-01-04,0.00
2016-01-05,0.00
2016-01-06,0.30
2016-01-07,1.00
2016-01-08,0.00
2016-01-09,0.00
2016-01-10,0.00
2016-01-11,0.00
2016-01-12,0.00
2016-01-13,0.20
2016-01-14,0.00
2016-01-15,0.00
2016-01-16,0.00
2016-01-17,0.50
2016-01-18,0.00
2016-01-19,0.00
2016-01-20,0.00
2016-01-21,0.00
2016-01-22,0.00
2016-01-23,0.00
2016-01-24,0.00
2016-01-25,0.00
2016-01-26,0.00
2016-01-27,0.00
2016-01-28,1.30
2016-01-29,0.00
2016-01-30,0.00
2016-01-31,0.00
2016-02-01,0.00
2016-02-02,0.10
2016-02-03,0.00
2016-02-04,0.90
2016-02-05,0.00
2016-02-06,0.00
2016-02-07,0.00
2016-02-08,0.00
2016-02-09,0.00
2016-02-10,0.00
2016-02-11,0.00
2016-02-12,0.00
2016-02-13,0.00
2016-02-14,0.00
2016-02-15,0.00
2016-02-16,0.00
2016-02-17,0.00
2016-02-18,0.00
2016-02-19,0.00
2016-02-20,0.00
2016-02-21,0.00
2016-02-22,0.00
2016-02-23,0.00
2016-02-24,0.00
2016-02-25,0.00
2016-02-26,0.00
2016-02-27,0.00
2016-02-28,0.00
2016-02-29,0.00
2016-03-01,0.00
2016-03-02,0.00
2016-03-03,1.00
2016-03-04,0.80
2016-03-05,7.90
2016-03-06,24.70
2016-03-07,7.50
2016-03-08,0.00
2016-03-09,0.00
2016-03-10,0.30
2016-03-11,0.80
2016-03-12,1.30
2016-03-13,2.70
2016-03-14,0.00
2016-03-15,0.80
2016-03-16,2.00
2016-03-17,4.00
2016-03-18,0.90
2016-03-19,0.10
2016-03-20,0.00
2016-03-21,1.10
2016-03-22,0.00
2016-03-23,0.00
2016-03-24,0.00
2016-03-25,0.00
2016-03-26,0.00
2016-03-27,0.10
2016-03-28,0.20
2016-03-29,0.10
2016-03-30,2.90
2016-03-31,0.00
2016-04-01,0.00
2016-04-02,0.20
2016-04-03,0.20
2016-04-04,0.00
2016-04-05,0.00
2016-04-06,0.00
2016-04-07,0.00
2016-04-08,0.00
2016-04-09,0.00
2016-04-10,0.00
2016-04-11,0.00
2016-04-12,0.00
2016-04-13,0.00
2016-04-14,1.50
2016-04-15,2.60
2016-04-16,2.10
2016-04-17,5.20
2016-04-18,3.70
2016-04-19,0.50
2016-04-20,1.70
2016-04-21,0.00
2016-04-22,0.00
2016-04-23,2.60
2016-04-24,1.90
2016-04-25,6.20
2016-04-26,7.90
2016-04-27,2.60
2016-04-28,9.30
2016-04-29,2.00
2016-04-30,3.20
2016-05-01,2.70
2016-05-02,2.90
2016-05-03,3.10
2016-05-04,2.10
2016-05-05,3.80
2016-05-06,0.00
2016-05-07,1.00
2016-05-08,3.90
2016-05-09,3.60
2016-05-10,3.20
2016-05-11,1.00
2016-05-12,0.00
2016-05-13,0.70
2016-05-14,0.00
2016-05-15,0.10
2016-05-16,10.30
2016-05-17,16.10
2016-05-18,25.20
2016-05-19,6.30
2016-05-20,6.90
2016-05-21,0.40
2016-05-22,0.40
2016-05-23,3.10
2016-05-24,2.30
2016-05-25,0.00
2016-05-26,1.30
2016-05-27,1.40
2016-05-28,9.60
2016-05-29,0.00
2016-05-30,0.20
2016-05-31,2.10
2016-06-01,4.20
2016-06-02,9.30
2016-06-03,18.50
2016-06-04,6.50
2016-06-05,36.60
2016-06-06,6.20
2016-06-07,12.70
2016-06-08,16.90
2016-06-09,14.60
2016-06-10,22.30
2016-06-11,7.80
2016-06-12,17.60
2016-06-13,19.00
2016-06-14,0.90
2016-06-15,14.20
2016-06-16,17.90
2016-06-17,15.50
2016-06-18,20.50
2016-06-19,17.00
2016-06-20,5.00
2016-06-21,0.90
2016-06-22,0.00
2016-06-23,14.90
2016-06-24,0.30
2016-06-25,4.70
2016-06-26,2.70
2016-06-27,1.60
2016-06-28,3.30
2016-06-29,0.10
2016-06-30,7.80
2016-07-01,0.20
2016-07-02,0.50
2016-07-03,2.20
2016-07-04,3.50
2016-07-05,0.00
2016-07-06,1.60
2016-07-07,1.50
2016-07-08,0.90
2016-07-09,6.40
2016-07-10,0.20
2016-07-11,0.20
2016-07-12,3.80
2016-07-13,1.10
2016-07-14,0.00
2016-07-15,1.40
2016-07-16,0.80
2016-07-17,0.40
2016-07-18,0.10
2016-07-19,2.00
2016-07-20,7.60
2016-07-21,6.70
2016-07-22,1.10
2016-07-23,3.30
2016-07-24,23.30
2016-07-25,0.10
2016-07-26,0.00
2016-07-27,0.00
2016-07-28,0.00
2016-07-29,2.20
2016-07-30,3.60
2016-07-31,0.10
2016-08-01,0.50
2016-08-02,1.20
2016-08-03,0.00
2016-08-04,30.10
2016-08-05,4.60
2016-08-06,3.40
2016-08-07,11.70
2016-08-08,12.00
2016-08-09,12.00
2016-08-10,0.00
2016-08-11,0.20
2016-08-12,2.20
2016-08-13,10.00
2016-08-14,18.30
2016-08-15,10.90
2016-08-16,11.40
2016-08-17,12.10
2016-08-18,0.60
2016-08-19,0.30
2016-08-20,1.60
2016-08-21,2.00
2016-08-22,7.10
2016-08-23,0.00
2016-08-24,0.00
2016-08-25,0.70
2016-08-26,0.10
2016-08-27,6.80
2016-08-28,15.10
2016-08-29,11.10
2016-08-30,15.10
2016-08-31,15.40
2016-09-01,5.00
2016-09-02,16.00
2016-09-03,7.10
2016-09-04,2.10
2016-09-05,1.80
2016-09-06,3.60
2016-09-07,0.30
2016-09-08,0.80
2016-09-09,0.40
2016-09-10,13.60
2016-09-11,8.30
2016-09-12,18.50
2016-09-13,12.20
2016-09-14,15.00
2016-09-15,17.90
2016-09-16,27.50
2016-09-17,13.70
2016-09-18,1.70
2016-09-19,0.60
2016-09-20,6.70
2016-09-21,4.20
2016-09-22,6.80
2016-09-23,26.50
2016-09-24,6.90
2016-09-25,3.90
2016-09-26,11.90
2016-09-27,11.30
2016-09-28,0.40
2016-09-29,0.70
2016-09-30,1.20
2016-10-01,0.10
2016-10-02,0.00
2016-10-03,8.20
2016-10-04,4.60
2016-10-05,1.40
2016-10-06,1.50
2016-10-07,0.20
2016-10-08,0.80
2016-10-09,0.20
2016-10-10,0.10
2016-10-11,0.40
2016-10-12,1.00
2016-10-13,0.00
2016-10-14,2.10
2016-10-15,3.30
2016-10-16,0.60
2016-10-17,0.20
2016-10-18,6.50
2016-10-19,0.20
2016-10-20,6.10
2016-10-21,0.00
2016-10-22,0.80
2016-10-23,0.40
2016-10-24,0.30
2016-10-25,0.40
2016-10-26,0.50
2016-10-27,0.00
2016-10-28,0.10
2016-10-29,0.00
2016-10-30,0.00
2016-10-31,0.10
2016-11-01,0.20
2016-11-02,4.80
2016-11-03,14.50
2016-11-04,0.20
2016-11-05,0.00
2016-11-06,0.00
2016-11-07,0.20
2016-11-08,0.00
2016-11-09,0.00
2016-11-10,0.00
2016-11-11,1.30
2016-11-12,0.40
2016-11-13,0.10
2016-11-14,0.10
2016-11-15,0.20
2016-11-16,0.20
2016-11-17,0.00
2016-11-18,0.00
2016-11-19,0.00
2016-11-20,0.00
2016-11-21,0.00
2016-11-22,0.00
2016-11-23,0.00
2016-11-24,0.00
2016-11-25,4.20
2016-11-26,1.30
2016-11-27,0.00
2016-11-28,1.00
2016-11-29,1.30
2016-11-30,0.10
2016-12-01,0.00
2016-12-02,0.40
2016-12-03,0.60
2016-12-04,0.00
2016-12-05,0.40
2016-12-06,3.60
2016-12-07,0.00
2016-12-08,0.00
2016-12-09,0.10
2016-12-10,0.00
2016-12-11,0.00
2016-12-12,1.80
2016-12-13,0.80
2016-12-14,1.60
2016-12-15,0.80
2016-12-16,0.10
2016-12-17,0.00
2016-12-18,0.00
2016-12-19,0.00
2016-12-20,0.00
2016-12-21,0.00
2016-12-22,0.00
2016-12-23,0.00
2016-12-24,0.00
2016-12-25,0.20
2016-12-26,0.00
2016-12-27,0.00
2016-12-28,0.00
2016-12-29,0.00
2016-12-30,0.00
2016-12-31,0.00
2017-01-01,0.00
2017-01-02,0.00
2017-01-03,0.00
2017-01-04,0.00
2017-01-05,0.30
2017-01-06,0.00
2017-01-07,0.00
2017-01-08,0.10
2017-01-09,0.00
2017-01-10,0.00
2017-01-11,0.10
2017-01-12,0.00
2017-01-13,0.00
2017-01-14,0.00
2017-01-15,0.00
2017-01-16,0.00
2017-01-17,0.00
2017-01-18,0.00
2017-01-19,0.00
2017-01-20,0.00
2017-01-21,0.40
2017-01-22,0.60
2017-01-23,0.00
2017-01-24,0.00
2017-01-25,0.00
2017-01-26,0.00
2017-01-27,0.00
2017-01-28,0.00
2017-01-29,0.00
2017-01-30,0.00
2017-01-31,0.00
2017-02-01,0.00
2017-02-02,0.00
2017-02-03,0.00
2017-02-04,0.00
2017-02-05,0.00
2017-02-06,0.00
2017-02-07,0.00
2017-02-08,1.30
2017-02-09,0.20
2017-02-10,0.00
2017-02-11,0.00
2017-02-12,0.00
2017-02-13,0.00
2017-02-14,0.00
2017-02-15,0.90
2017-02-16,0.50
2017-02-17,1.60
2017-02-18,1.20
2017-02-19,0.00
2017-02-20,0.50
2017-02-21,0.00
2017-02-22,9.30
2017-02-23,6.20
2017-02-24,0.80
2017-02-25,1.40
2017-02-26,0.00
2017-02-27,0.00
2017-02-28,0.00
2017-03-01,0.00
2017-03-02,0.00
2017-03-03,0.00
2017-03-04,0.00
2017-03-05,0.00
2017-03-06,0.20
2017-03-07,0.00
2017-03-08,0.50
2017-03-09,0.00
2017-03-10,0.00
2017-03-11,0.60
2017-03-12,0.90
2017-03-13,3.00
2017-03-14,8.70
2017-03-15,0.10
2017-03-16,0.00
2017-03-17,0.00
2017-03-18,0.00
2017-03-19,0.00
2017-03-20,0.00
2017-03-21,0.00
2017-03-22,0.00
2017-03-23,0.00
2017-03-24,0.00
2017-03-25,0.10
2017-03-26,1.30
2017-03-27,0.60
2017-03-28,1.90
2017-03-29,0.00
2017-03-30,1.40
2017-03-31,0.30
2017-04-01,1.50
2017-04-02,0.00
2017-04-03,0.00
2017-04-04,1.60
2017-04-05,1.40
2017-04-06,0.00
2017-04-07,0.00
2017-04-08,0.00
2017-04-09,1.90
2017-04-10,0.00
2017-04-11,0.00
2017-04-12,0.00
2017-04-13,0.00
2017-04-14,0.00
2017-04-15,0.00
2017-04-16,0.50
2017-04-17,4.30
2017-04-18,3.00
2017-04-19,2.60
2017-04-20,0.90
2017-04-21,1.00
2017-04-22,1.50
2017-04-23,1.70
2017-04-24,18.10
2017-04-25,1.90
2017-04-26,0.40
2017-04-27,0.30
2017-04-28,0.30
2017-04-29,0.00
2017-04-30,2.80
2017-05-01,9.00
2017-05-02,1.90
2017-05-03,11.10
2017-05-04,9.70
2017-05-05,0.30
2017-05-06,0.70
2017-05-07,0.00
2017-05-08,0.00
2017-05-09,0.50
2017-05-10,3.60
2017-05-11,6.10
2017-05-12,5.30
2017-05-13,8.40
2017-05-14,10.70
2017-05-15,14.50
2017-05-16,4.70
2017-05-17,2.40
2017-05-18,4.00
2017-05-19,16.80
2017-05-20,12.50
2017-05-21,13.80
2017-05-22,4.30
2017-05-23,3.30
2017-05-24,12.20
2017-05-25,10.30
2017-05-26,17.10
2017-05-27,17.60
2017-05-28,18.30
2017-05-29,3.40
2017-05-30,1.80
2017-05-31,16.90
2017-06-01,8.00
2017-06-02,8.30
2017-06-03,12.00
2017-06-04,11.90
2017-06-05,11.50
2017-06-06,1.10
2017-06-07,7.60
2017-06-08,10.40
2017-06-09,8.70
2017-06-10,11.30
2017-06-11,5.30
2017-06-12,8.60
2017-06-13,18.40
2017-06-14,10.60
2017-06-15,21.30
2017-06-16,45.20
2017-06-17,21.10
2017-06-18,10.70
2017-06-19,39.70
2017-06-20,19.30
2017-06-21,12.90
2017-06-22,11.50
2017-06-23,17.90
2017-06-24,15.70
2017-06-25,7.80
2017-06-26,8.00
2017-06-27,18.10
2017-06-28,7.60
2017-06-29,18.70
2017-06-30,0.00
2017-07-01,1.50
2017-07-02,5.40
2017-07-03,0.00
2017-07-04,5.50
2017-07-05,14.70
2017-07-06,1.40
2017-07-07,7.80
2017-07-08,4.40
2017-07-09,0.30
2017-07-10,0.40
2017-07-11,2.20
2017-07-12,0.20
2017-07-13,15.40
2017-07-14,14.80
2017-07-15,0.50
2017-07-16,9.90
2017-07-17,0.30
2017-07-18,6.10
2017-07-19,0.70
2017-07-20,0.30
2017-07-21,6.20
2017-07-22,0.00
2017-07-23,2.70
2017-07-24,4.90
2017-07-25,0.60
2017-07-26,0.20
2017-07-27,4.00
2017-07-28,0.40
2017-07-29,5.20
2017-07-30,5.60
2017-07-31,19.50
2017-08-01,18.50
2017-08-02,16.80
2017-08-03,0.00
2017-08-04,3.90
2017-08-05,1.20
2017-08-06,0.50
2017-08-07,15.40
2017-08-08,2.40
2017-08-09,5.10
2017-08-10,14.40
2017-08-11,21.00
2017-08-12,0.60
2017-08-13,1.30
2017-08-14,17.80
2017-08-15,1.00
2017-08-16,1.00
2017-08-17,0.40
2017-08-18,0.00
2017-08-19,0.40
2017-08-20,1.90
2017-08-21,6.50
2017-08-22,4.10
2017-08-23,9.00
2017-08-24,12.50
2017-08-25,14.20
2017-08-26,1.50
2017-08-27,6.10
2017-08-28,0.50
2017-08-29,11.60
2017-08-30,18.60
2017-08-31,26.80
2017-09-01,18.00
2017-09-02,9.00
2017-09-03,8.30
2017-09-04,11.20
2017-09-05,7.40
2017-09-06,9.20
2017-09-07,6.80
2017-09-08,15.70
2017-09-09,11.80
2017-09-10,8.80
2017-09-11,9.20
2017-09-12,18.60
2017-09-13,11.00
2017-09-14,8.40
2017-09-15,2.00
2017-09-16,0.50
2017-09-17,2.20
2017-09-18,17.60
2017-09-19,12.20
2017-09-20,3.70
2017-09-21,6.20
2017-09-22,15.20
2017-09-23,11.60
2017-09-24,30.60
2017-09-25,9.80
2017-09-26,22.80
2017-09-27,4.80
2017-09-28,7.90
2017-09-29,11.50
2017-09-30,26.50
2017-10-01,12.20
2017-10-02,5.90
2017-10-03,5.50
2017-10-04,5.70
2017-10-05,23.10
2017-10-06,39.10
2017-10-07,3.30
2017-10-08,4.60
2017-10-09,7.70
2017-10-10,15.30
2017-10-11,15.00
2017-10-12,1.30
2017-10-13,1.60
2017-10-14,0.70
2017-10-15,1.30
2017-10-16,0.70
2017-10-17,1.00
2017-10-18,1.30
2017-10-19,0.70
2017-10-20,5.80
2017-10-21,0.90
2017-10-22,15.60
2017-10-23,3.00
2017-10-24,8.10
2017-10-25,0.10
2017-10-26,0.60
2017-10-27,1.10
2017-10-28,7.80
2017-10-29,0.20
2017-10-30,0.00
2017-10-31,0.00
2017-11-01,0.90
2017-11-02,0.00
2017-11-03,2.10
2017-11-04,4.60
2017-11-05,0.00
2017-11-06,0.00
2017-11-07,0.00
2017-11-08,0.00
2017-11-09,0.00
2017-11-10,0.00
2017-11-11,0.00
2017-11-12,0.20
2017-11-13,0.10
2017-11-14,0.00
2017-11-15,0.00
2017-11-16,0.40
2017-11-17,0.00
2017-11-18,0.00
2017-11-19,0.00
2017-11-20,0.00
2017-11-21,0.00
2017-11-22,0.40
2017-11-23,0.40
2017-11-24,0.30
2017-11-25,0.10
2017-11-26,0.00
2017-11-27,0.00
2017-11-28,0.00
2017-11-29,0.00
2017-11-30,0.00
2017-12-01,0.00
2017-12-02,0.00
2017-12-03,0.00
2017-12-04,0.00
2017-12-05,0.00
2017-12-06,0.00
2017-12-07,4.00
2017-12-08,4.00
2017-12-09,0.40
2017-12-10,0.00
2017-12-11,0.00
2017-12-12,0.00
2017-12-13,0.00
2017-12-14,0.00
2017-12-15,0.00
2017-12-16,0.70
2017-12-17,0.00
2017-12-18,0.90
2017-12-19,0.00
2017-12-20,0.00
2017-12-21,0.00
2017-12-22,0.00
2017-12-23,0.00
2017-12-24,0.00
2017-12-25,0.00
2017-12-26,0.00
2017-12-27,0.00
2017-12-28,0.00
2017-12-29,0.00
2017-12-30,0.10
2017-12-31,0.00
2018-01-01,0.00
2018-01-02,0.00
2018-01-03,0.00
2018-01-04,0.00
2018-01-05,0.00
2018-01-06,0.00
2018-01-07,0.00
2018-01-08,0.00
2018-01-09,0.00
2018-01-10,0.00
2018-01-11,0.00
2018-01-12,0.00
2018-01-13,0.00
2018-01-14,0.00
2018-01-15,0.00
2018-01-16,2.40
2018-01-17,0.00
2018-01-18,0.00
2018-01-19,0.00
2018-01-20,0.00
2018-01-21,0.00
2018-01-22,0.10
2018-01-23,0.00
2018-01-24,4.40
2018-01-25,1.80
2018-01-26,0.90
2018-01-27,0.00
2018-01-28,0.30
2018-01-29,1.30
2018-01-30,0.00
2018-01-31,0.00
2018-02-01,0.00
2018-02-02,0.00
2018-02-03,0.10
2018-02-04,0.00
2018-02-05,0.00
2018-02-06,0.00
2018-02-07,0.00
2018-02-08,0.00
2018-02-09,0.00
2018-02-10,0.10
2018-02-11,0.10
2018-02-12,0.00
2018-02-13,0.00
2018-02-14,0.00
2018-02-15,0.00
2018-02-16,0.00
2018-02-17,0.00
2018-02-18,0.00
2018-02-19,0.00
2018-02-20,0.90
2018-02-21,0.00
2018-02-22,0.00
2018-02-23,0.00
2018-02-24,0.50
2018-02-25,0.00
2018-02-26,0.00
2018-02-27,0.00
2018-02-28,0.00
2018-03-01,0.00
2018-03-02,0.00
2018-03-03,0.00
2018-03-04,0.00
2018-03-05,0.00
2018-03-06,0.00
2018-03-07,0.00
2018-03-08,0.00
2018-03-09,0.00
2018-03-10,0.00
2018-03-11,0.00
2018-03-12,0.00
2018-03-13,0.30
2018-03-14,0.20
2018-03-15,0.10
2018-03-16,0.90
2018-03-17,0.00
2018-03-18,0.00
2018-03-19,0.90
2018-03-20,0.00
2018-03-21,0.00
2018-03-22,0.00
2018-03-23,0.00
2018-03-24,0.00
2018-03-25,0.00
2018-03-26,0.00
2018-03-27,0.00
2018-03-28,1.20
2018-03-29,2.80
2018-03-30,1.20
2018-03-31,0.60
2018-04-01,0.00
2018-04-02,1.60
2018-04-03,2.10
2018-04-04,0.80
2018-04-05,2.60
2018-04-06,1.90
2018-04-07,1.50
2018-04-08,0.00
2018-04-09,2.30
2018-04-10,13.70
2018-04-11,0.80
2018-04-12,0.10
2018-04-13,3.90
2018-04-14,0.10
2018-04-15,1.10
2018-04-16,0.00
2018-04-17,0.10
2018-04-18,0.40
2018-04-19,0.20
2018-04-20,0.00
2018-04-21,0.00
2018-04-22,1.20
2018-04-23,0.00
2018-04-24,0.00
2018-04-25,3.00
2018-04-26,11.60
2018-04-27,24.90
2018-04-28,8.90
2018-04-29,0.10
2018-04-30,1.20
2018-05-01,0.10
2018-05-02,1.10
2018-05-03,0.00
2018-05-04,0.00
2018-05-05,0.00
2018-05-06,0.00
2018-05-07,0.80
2018-05-08,8.80
2018-05-09,19.80
2018-05-10,16.90
2018-05-11,3.60
2018-05-12,8.80
2018-05-13,16.00
2018-05-14,15.60
2018-05-15,7.80
2018-05-16,4.60
2018-05-17,13.40
2018-05-18,7.20
2018-05-19,14.30
2018-05-20,8.40
2018-05-21,1.20
2018-05-22,7.40
2018-05-23,11.40
2018-05-24,16.90
2018-05-25,21.90
2018-05-26,23.30
2018-05-27,4.90
2018-05-28,12.20
2018-05-29,33.40
2018-05-30,6.40
2018-05-31,12.50
2018-06-01,23.70
2018-06-02,17.20
2018-06-03,17.90
2018-06-04,10.00
2018-06-05,19.50
2018-06-06,17.70
2018-06-07,16.10
2018-06-08,22.60
2018-06-09,7.80
2018-06-10,11.00
2018-06-11,18.80
2018-06-12,9.60
2018-06-13,12.50
2018-06-14,16.20
2018-06-15,10.00
2018-06-16,4.40
2018-06-17,12.80
2018-06-18,13.10
2018-06-19,8.10
2018-06-20,5.80
2018-06-21,4.40
2018-06-22,13.60
2018-06-23,9.40
2018-06-24,1.10
2018-06-25,4.00
2018-06-26,1.60
2018-06-27,7.30
2018-06-28,0.10
2018-06-29,0.00
2018-06-30,0.00
2018-07-01,0.80
2018-07-02,0.00
2018-07-03,0.00
2018-07-04,0.10
2018-07-05,5.50
2018-07-06,3.60
2018-07-07,0.10
2018-07-08,0.00
2018-07-09,0.90
2018-07-10,0.30
2018-07-11,0.10
2018-07-12,1.50
2018-07-13,0.00
2018-07-14,0.00
2018-07-15,0.30
2018-07-16,0.00
2018-07-17,0.00
2018-07-18,8.10
2018-07-19,0.00
2018-07-20,0.00
2018-07-21,4.90
2018-07-22,0.60
2018-07-23,0.00
2018-07-24,0.10
2018-07-25,0.00
2018-07-26,0.30
2018-07-27,0.10
2018-07-28,0.70
2018-07-29,3.40
2018-07-30,6.30
2018-07-31,19.70
2018-08-01,14.00
2018-08-02,0.80
2018-08-03,0.60
2018-08-04,9.10
2018-08-05,3.70
2018-08-06,1.50
2018-08-07,2.40
2018-08-08,0.80
2018-08-09,1.90
2018-08-10,0.00
2018-08-11,0.00
2018-08-12,0.30
2018-08-13,11.10
2018-08-14,0.70
2018-08-15,0.00
2018-08-16,1.60
2018-08-17,10.10
2018-08-18,4.10
2018-08-19,9.60
2018-08-20,8.00
2018-08-21,0.10
2018-08-22,0.60
2018-08-23,0.00
2018-08-24,0.40
2018-08-25,1.60
2018-08-26,23.20
2018-08-27,0.10
2018-08-28,6.00
2018-08-29,16.80
2018-08-30,1.40
2018-08-31,5.30
2018-09-01,4.40
2018-09-02,10.90
2018-09-03,24.10
2018-09-04,28.10
2018-09-05,1.60
2018-09-06,1.50
2018-09-07,1.90
2018-09-08,11.10
2018-09-09,12.10
2018-09-10,5.70
2018-09-11,6.40
2018-09-12,13.10
2018-09-13,4.40
2018-09-14,8.90
2018-09-15,7.10
2018-09-16,2.00
2018-09-17,0.00
2018-09-18,0.00
2018-09-19,2.40
2018-09-20,14.40
2018-09-21,3.20
2018-09-22,15.90
2018-09-23,10.80
2018-09-24,7.50
2018-09-25,0.10
2018-09-26,6.30
2018-09-27,15.20
2018-09-28,11.90
2018-09-29,5.80
2018-09-30,0.70
2018-10-01,1.40
2018-10-02,1.80
2018-10-03,1.30
2018-10-04,0.70
2018-10-05,1.60
2018-10-06,16.30
2018-10-07,9.10
2018-10-08,21.30
2018-10-09,56.40
2018-10-10,16.90
2018-10-11,5.00
2018-10-12,12.90
2018-10-13,8.30
2018-10-14,13.40
2018-10-15,4.30
2018-10-16,22.80
2018-10-17,30.50
2018-10-18,28.90
2018-10-19,27.80
2018-10-20,16.30
2018-10-21,8.30
2018-10-22,0.00
2018-10-23,0.70
2018-10-24,0.00
2018-10-25,0.40
2018-10-26,1.30
2018-10-27,0.00
2018-10-28,0.20
2018-10-29,0.00
2018-10-30,0.70
2018-10-31,0.40
2018-11-01,1.30
2018-11-02,3.50
2018-11-03,0.20
2018-11-04,5.40
2018-11-05,0.40
2018-11-06,0.00
2018-11-07,0.00
2018-11-08,0.00
2018-11-09,0.00
2018-11-10,0.00
2018-11-11,0.00
2018-11-12,0.20
2018-11-13,0.00
2018-11-14,0.00
2018-11-15,0.00
2018-11-16,0.00
2018-11-17,0.20
2018-11-18,0.20
2018-11-19,0.50
2018-11-20,0.30
2018-11-21,1.00
2018-11-22,0.00
2018-11-23,0.00
2018-11-24,0.60
2018-11-25,0.70
2018-11-26,0.00
2018-11-27,1.30
2018-11-28,0.10
2018-11-29,1.90
2018-11-30,5.30
2018-12-01,0.00
2018-12-02,0.00
2018-12-03,0.00
2018-12-04,0.00
2018-12-05,0.00
2018-12-06,0.00
2018-12-07,0.00
2018-12-08,0.20
2018-12-09,0.00
2018-12-10,0.00
2018-12-11,0.00
2018-12-12,0.00
2018-12-13,0.00
2018-12-14,0.10
2018-12-15,0.00
2018-12-16,0.00
2018-12-17,0.00
2018-12-18,0.00
2018-12-19,0.00
2018-12-20,0.00
2018-12-21,0.00
2018-12-22,0.00
2018-12-23,0.00
2018-12-24,0.00
2018-12-25,0.00
2018-12-26,0.00
2018-12-27,0.00
2018-12-28,0.00
2018-12-29,0.00
2018-12-30,0.00
2018-12-31,0.00
2019-01-01,0.00
2019-01-02,0.00
2019-01-03,0.00
2019-01-04,0.00
2019-01-05,0.00
2019-01-06,0.00
2019-01-07,0.40
2019-01-08,0.00
2019-01-09,0.00
2019-01-10,0.00
2019-01-11,0.00
2019-01-12,0.00
2019-01-13,0.00
2019-01-14,0.00
2019-01-15,0.00
2019-01-16,0.00
2019-01-17,0.00
2019-01-18,0.00
2019-01-19,0.00
2019-01-20,0.00
2019-01-21,0.00
2019-01-22,0.00
2019-01-23,0.00
2019-01-24,0.00
2019-01-25,0.00
2019-01-26,0.00
2019-01-27,0.20
2019-01-28,0.00
2019-01-29,0.00
2019-01-30,0.00
2019-01-31,0.00
2019-02-01,0.00
2019-02-02,0.00
2019-02-03,0.00
2019-02-04,0.00
2019-02-05,0.00
2019-02-06,0.00
2019-02-07,0.00
2019-02-08,0.00
2019-02-09,0.90
2019-02-10,0.00
2019-02-11,0.50
2019-02-12,0.00
2019-02-13,0.00
2019-02-14,0.60
2019-02-15,0.40
2019-02-16,0.50
2019-02-17,0.00
2019-02-18,0.00
2019-02-19,0.20
2019-02-20,0.40
2019-02-21,0.80
2019-02-22,3.40
2019-02-23,9.80
2019-02-24,0.00
2019-02-25,0.10
2019-02-26,0.00
2019-02-27,0.00
2019-02-28,0.20
2019-03-01,1.90
2019-03-02,0.00
2019-03-03,0.30
2019-03-04,0.50
2019-03-05,0.00
2019-03-06,0.00
2019-03-07,0.00
2019-03-08,0.00
2019-03-09,0.00
2019-03-10,0.00
2019-03-11,0.00
2019-03-12,0.00
2019-03-13,0.20
2019-03-14,0.00
2019-03-15,0.20
2019-03-16,0.00
2019-03-17,0.00
2019-03-18,0.00
2019-03-19,0.00
2019-03-20,0.00
2019-03-21,0.00
2019-03-22,0.00
2019-03-23,0.00
2019-03-24,0.00
2019-03-25,0.00
2019-03-26,0.00
2019-03-27,0.00
2019-03-28,0.00
2019-03-29,0.00
2019-03-30,0.00
2019-03-31,0.80
2019-04-01,1.00
2019-04-02,0.00
2019-04-03,0.20
2019-04-04,0.40
2019-04-05,5.10
2019-04-06,3.40
2019-04-07,6.80
2019-04-08,5.30
2019-04-09,14.80
2019-04-10,3.30
2019-04-11,0.70
2019-04-12,0.00
2019-04-13,0.00
2019-04-14,0.00
2019-04-15,1.00
2019-04-16,0.00
2019-04-17,1.20
2019-04-18,3.30
2019-04-19,3.80
2019-04-20,0.00
2019-04-21,0.00
2019-04-22,0.00
2019-04-23,0.10
2019-04-24,4.30
2019-04-25,1.40
2019-04-26,0.30
2019-04-27,0.10
2019-04-28,0.00
2019-04-29,0.00
2019-04-30,0.30
2019-05-01,4.80
2019-05-02,4.20
2019-05-03,7.40
2019-05-04,4.00
2019-05-05,6.30
2019-05-06,14.90
2019-05-07,7.00
2019-05-08,10.10
2019-05-09,1.30
2019-05-10,6.90
2019-05-11,22.80
2019-05-12,1.90
2019-05-13,4.90
2019-05-14,9.90
2019-05-15,6.90
2019-05-16,8.60
2019-05-17,28.20
2019-05-18,18.10
2019-05-19,8.10
2019-05-20,10.50
2019-05-21,2.30
2019-05-22,7.90
2019-05-23,11.20
2019-05-24,3.50
2019-05-25,1.00
2019-05-26,1.70
2019-05-27,3.20
2019-05-28,11.20
2019-05-29,5.20
2019-05-30,17.60
2019-05-31,7.50
2019-06-01,1.60
2019-06-02,2.60
2019-06-03,8.70
2019-06-04,23.20
2019-06-05,7.00
2019-06-06,4.40
2019-06-07,3.50
2019-06-08,7.10
2019-06-09,22.00
2019-06-10,6.20
2019-06-11,1.70
2019-06-12,25.50
2019-06-13,7.50
2019-06-14,21.20
2019-06-15,3.00
2019-06-16,2.60
2019-06-17,2.70
2019-06-18,0.30
2019-06-19,0.40
2019-06-20,18.80
2019-06-21,11.00
2019-06-22,14.60
2019-06-23,3.20
2019-06-24,1.40
2019-06-25,4.50
2019-06-26,3.00
2019-06-27,0.00
2019-06-28,0.00
2019-06-29,1.60
2019-06-30,9.40
2019-07-01,0.30
2019-07-02,0.00
2019-07-03,0.30
2019-07-04,0.00
2019-07-05,0.00
2019-07-06,0.20
2019-07-07,1.60
2019-07-08,17.50
2019-07-09,5.00
2019-07-10,6.70
2019-07-11,6.00
2019-07-12,18.50
2019-07-13,4.00
2019-07-14,0.30
2019-07-15,0.40
2019-07-16,0.30
2019-07-17,0.90
2019-07-18,0.10
2019-07-19,0.20
2019-07-20,3.60
2019-07-21,2.00
2019-07-22,2.60
2019-07-23,0.90
2019-07-24,0.40
2019-07-25,2.80
2019-07-26,0.00
2019-07-27,0.10
2019-07-28,1.40
2019-07-29,0.00
2019-07-30,0.00
2019-07-31,0.00
2019-08-01,1.00
2019-08-02,7.60
2019-08-03,16.30
2019-08-04,10.70
2019-08-05,9.40
2019-08-06,8.90
2019-08-07,0.70
2019-08-08,7.50
2019-08-09,6.80
2019-08-10,0.00
2019-08-11,0.30
2019-08-12,0.20
2019-08-13,0.00
2019-08-14,0.00
2019-08-15,20.50
2019-08-16,15.70
2019-08-17,17.30
2019-08-18,22.20
2019-08-19,27.80
2019-08-20,16.20
2019-08-21,11.60
2019-08-22,2.00
2019-08-23,6.20
2019-08-24,0.00
2019-08-25,0.10
2019-08-26,2.40
2019-08-27,1.10
2019-08-28,0.10
2019-08-29,0.00
2019-08-30,0.00
2019-08-31,11.80
2019-09-01,14.60
2019-09-02,10.90
2019-09-03,6.80
2019-09-04,0.60
2019-09-05,1.30
2019-09-06,1.50
2019-09-07,1.90
2019-09-08,6.30
2019-09-09,8.00
2019-09-10,20.60
2019-09-11,10.60
2019-09-12,0.60
2019-09-13,7.10
2019-09-14,0.60
2019-09-15,6.10
2019-09-16,7.90
2019-09-17,25.50
2019-09-18,17.90
2019-09-19,0.30
2019-09-20,0.60
2019-09-21,11.20
2019-09-22,10.80
2019-09-23,11.70
2019-09-24,8.80
2019-09-25,10.70
2019-09-26,13.60
2019-09-27,17.60
2019-09-28,13.40
2019-09-29,7.30
2019-09-30,1.90
2019-10-01,15.80
2019-10-02,12.20
2019-10-03,13.90
2019-10-04,14.00
2019-10-05,10.00
2019-10-06,13.40
2019-10-07,10.90
2019-10-08,8.60
2019-10-09,7.70
2019-10-10,1.20
2019-10-11,1.00
2019-10-12,0.90
2019-10-13,1.20
2019-10-14,6.20
2019-10-15,46.40
2019-10-16,55.30
2019-10-17,2.10
2019-10-18,5.10
2019-10-19,2.00
2019-10-20,4.20
2019-10-21,5.60
2019-10-22,24.30
2019-10-23,21.30
2019-10-24,10.20
2019-10-25,16.80
2019-10-26,16.30
2019-10-27,9.70
2019-10-28,16.20
2019-10-29,16.50
2019-10-30,14.10
2019-10-31,6.70
2019-11-01,1.20
2019-11-02,0.40
2019-11-03,0.70
2019-11-04,0.30
2019-11-05,0.00
2019-11-06,0.00
2019-11-07,0.00
2019-11-08,0.40
2019-11-09,0.00
2019-11-10,0.00
2019-11-11,0.40
2019-11-12,0.80
2019-11-13,0.00
2019-11-14,0.60
2019-11-15,0.40
2019-11-16,0.20
2019-11-17,0.00
2019-11-18,0.10
2019-11-19,0.10
2019-11-20,0.00
2019-11-21,0.00
2019-11-22,0.40
2019-11-23,0.00
2019-11-24,0.00
2019-11-25,0.00
2019-11-26,0.00
2019-11-27,0.00
2019-11-28,1.20
2019-11-29,0.00
2019-11-30,0.00
2019-12-01,0.00
2019-12-02,0.00
2019-12-03,0.00
2019-12-04,0.00
2019-12-05,0.00
2019-12-06,0.00
2019-12-07,0.00
2019-12-08,0.00
2019-12-09,0.40
2019-12-10,0.40
2019-12-11,0.10
2019-12-12,0.20
2019-12-13,0.00
2019-12-14,0.00
2019-12-15,0.00
2019-12-16,0.50
2019-12-17,0.10
2019-12-18,5.30
2019-12-19,0.00
2019-12-20,0.30
2019-12-21,0.00
2019-12-22,0.00
2019-12-23,0.00
2019-12-24,0.00
2019-12-25,0.40
2019-12-26,0.10
2019-12-27,1.90
2019-12-28,0.00
2019-12-29,0.20
2019-12-30,0.00
2019-12-31,0.00
2020-01-01,0.00
2020-01-02,0.20
2020-01-03,0.00
2020-01-04,0.40
2020-01-05,0.00
2020-01-06,0.00
2020-01-07,0.00
2020-01-08,0.00
2020-01-09,0.00
2020-01-10,0.00
2020-01-11,0.00
2020-01-12,0.00
2020-01-13,0.00
2020-01-14,0.00
2020-01-15,0.00
2020-01-16,0.00
2020-01-17,0.70
2020-01-18,0.00
2020-01-19,0.00
2020-01-20,0.00
2020-01-21,0.40
2020-01-22,0.00
2020-01-23,0.60
2020-01-24,0.50
2020-01-25,0.00
2020-01-26,0.80
2020-01-27,1.90
2020-01-28,0.80
2020-01-29,1.90
2020-01-30,0.00
2020-01-31,2.10
2020-02-01,0.30
2020-02-02,0.00
2020-02-03,0.00
2020-02-04,0.00
2020-02-05,0.00
2020-02-06,0.00
2020-02-07,0.00
2020-02-08,0.20
2020-02-09,0.00
2020-02-10,0.00
2020-02-11,0.00
2020-02-12,0.10
2020-02-13,0.00
2020-02-14,0.00
2020-02-15,0.00
2020-02-16,0.00
2020-02-17,0.00
2020-02-18,0.00
2020-02-19,0.00
2020-02-20,0.00
2020-02-21,0.00
2020-02-22,0.00
2020-02-23,0.00
2020-02-24,1.10
2020-02-25,0.00
2020-02-26,1.20
2020-02-27,0.00
2020-02-28,0.00
2020-02-29,0.00
2020-03-01,0.00
2020-03-02,0.00
2020-03-03,0.10
2020-03-04,0.00
2020-03-05,0.00
2020-03-06,0.00
2020-03-07,0.00
2020-03-08,0.00
2020-03-09,0.00
2020-03-10,0.00
2020-03-11,0.00
2020-03-12,0.00
2020-03-13,0.10
2020-03-14,0.00
2020-03-15,0.00
2020-03-16,0.00
2020-03-17,0.00
2020-03-18,0.00
2020-03-19,1.00
2020-03-20,1.00
2020-03-21,0.00
2020-03-22,0.00
2020-03-23,0.00
2020-03-24,0.50
2020-03-25,0.80
2020-03-26,0.00
2020-03-27,0.90
2020-03-28,0.80
2020-03-29,0.60
2020-03-30,0.00
2020-03-31,1.20
2020-04-01,3.70
2020-04-02,2.00
2020-04-03,2.60
2020-04-04,1.20
2020-04-05,0.70
2020-04-06,0.20
2020-04-07,0.00
2020-04-08,0.00
2020-04-09,0.10
2020-04-10,2.90
2020-04-11,0.80
2020-04-12,0.00
2020-04-13,0.00
2020-04-14,1.30
2020-04-15,1.10
2020-04-16,0.00
2020-04-17,1.00
2020-04-18,0.60
2020-04-19,1.00
2020-04-20,0.00
2020-04-21,0.90
2020-04-22,2.60
2020-04-23,0.00
2020-04-24,0.40
2020-04-25,1.10
2020-04-26,1.80
2020-04-27,0.00
2020-04-28,0.00
2020-04-29,16.00
2020-04-30,0.10
2020-05-01,0.00
2020-05-02,0.00
2020-05-03,3.10
2020-05-04,0.40
2020-05-05,6.10
2020-05-06,0.30
2020-05-07,0.80
2020-05-08,27.90
2020-05-09,16.90
2020-05-10,11.60
2020-05-11,0.00
2020-05-12,1.30
2020-05-13,5.30
2020-05-14,1.50
2020-05-15,8.70
2020-05-16,4.20
2020-05-17,13.70
2020-05-18,12.70
2020-05-19,5.20
2020-05-20,19.80
2020-05-21,9.50
2020-05-22,21.60
2020-05-23,7.40
2020-05-24,5.00
2020-05-25,1.00
2020-05-26,9.50
2020-05-27,13.00
2020-05-28,16.50
2020-05-29,31.10
2020-05-30,32.50
2020-05-31,85.00
2020-06-01,31.40
2020-06-02,52.00
2020-06-03,17.80
2020-06-04,66.30
2020-06-05,85.60
2020-06-06,19.60
2020-06-07,2.10
2020-06-08,2.00
2020-06-09,2.20
2020-06-10,11.30
2020-06-11,0.30
2020-06-12,0.30
2020-06-13,0.60
2020-06-14,1.50
2020-06-15,5.60
2020-06-16,24.70
2020-06-17,16.40
2020-06-18,13.80
2020-06-19,3.60
2020-06-20,0.20
2020-06-21,6.90
2020-06-22,18.00
2020-06-23,1.30
2020-06-24,10.00
2020-06-25,0.00
2020-06-26,0.00
2020-06-27,2.10
2020-06-28,3.50
2020-06-29,13.20
2020-06-30,3.10
2020-07-01,0.60
2020-07-02,6.40
2020-07-03,16.30
2020-07-04,19.80
2020-07-05,3.70
2020-07-06,1.20
2020-07-07,0.20
2020-07-08,1.80
2020-07-09,0.90
2020-07-10,12.00
2020-07-11,0.60
2020-07-12,0.00
2020-07-13,6.60
2020-07-14,2.80
2020-07-15,4.10
2020-07-16,0.00
2020-07-17,0.70
2020-07-18,0.20
2020-07-19,1.20
2020-07-20,0.80
2020-07-21,9.40
2020-07-22,8.50
2020-07-23,11.40
2020-07-24,8.80
2020-07-25,4.70
2020-07-26,9.10
2020-07-27,20.30
2020-07-28,16.20
2020-07-29,16.20
2020-07-30,7.00
2020-07-31,0.00
2020-08-01,0.00
2020-08-02,1.20
2020-08-03,9.10
2020-08-04,4.10
2020-08-05,11.30
2020-08-06,29.10
2020-08-07,31.20
2020-08-08,1.10
2020-08-09,5.00
2020-08-10,18.70
2020-08-11,6.80
2020-08-12,0.00
2020-08-13,0.80
2020-08-14,1.50
2020-08-15,1.00
2020-08-16,0.00
2020-08-17,1.50
2020-08-18,11.30
2020-08-19,13.30
2020-08-20,12.40
2020-08-21,17.00
2020-08-22,13.90
2020-08-23,4.70
2020-08-24,8.50
2020-08-25,18.00
2020-08-26,13.20
2020-08-27,14.60
2020-08-28,5.20
2020-08-29,8.80
2020-08-30,0.70
2020-08-31,0.00
2020-09-01,0.20
2020-09-02,0.90
2020-09-03,16.00
2020-09-04,21.70
2020-09-05,34.20
2020-09-06,12.90
2020-09-07,12.80
2020-09-08,7.80
2020-09-09,15.00
2020-09-10,5.40
2020-09-11,0.10
2020-09-12,5.00
2020-09-13,17.50
2020-09-14,14.90
2020-09-15,5.70
2020-09-16,5.60
2020-09-17,10.40
2020-09-18,9.80
2020-09-19,6.90
2020-09-20,26.70
2020-09-21,0.00
2020-09-22,0.70
2020-09-23,1.80
2020-09-24,9.80
2020-09-25,24.90
2020-09-26,14.70
2020-09-27,9.30
2020-09-28,4.30
2020-09-29,13.80
2020-09-30,2.00
2020-10-01,6.60
2020-10-02,10.50
2020-10-03,25.90
2020-10-04,7.90
2020-10-05,0.00
2020-10-06,2.30
2020-10-07,11.00
2020-10-08,8.50
2020-10-09,8.50
2020-10-10,7.20
2020-10-11,4.70
2020-10-12,0.00
2020-10-13,5.30
2020-10-14,2.90
2020-10-15,16.90
2020-10-16,4.80
2020-10-17,22.80
2020-10-18,0.30
2020-10-19,6.40
2020-10-20,13.40
2020-10-21,0.70
2020-10-22,3.90
2020-10-23,10.70
2020-10-24,4.40
2020-10-25,8.40
2020-10-26,9.10
2020-10-27,9.30
2020-10-28,9.00
2020-10-29,40.20
2020-10-30,0.50
2020-10-31,0.60
2020-11-01,0.50
2020-11-02,0.00
2020-11-03,0.10
2020-11-04,3.70
2020-11-05,54.70
2020-11-06,8.90
2020-11-07,2.10
2020-11-08,2.20
2020-11-09,7.80
2020-11-10,6.50
2020-11-11,1.10
2020-11-12,0.00
2020-11-13,0.00
2020-11-14,0.00
2020-11-15,0.40
2020-11-16,0.00
2020-11-17,6.90
2020-11-18,18.30
2020-11-19,19.10
2020-11-20,0.60
2020-11-21,0.80
2020-11-22,0.90
2020-11-23,0.30
2020-11-24,0.20
2020-11-25,0.20
2020-11-26,2.30
2020-11-27,0.80
2020-11-28,1.10
2020-11-29,1.10
2020-11-30,0.20
2020-12-01,0.00
2020-12-02,0.00
2020-12-03,0.00
2020-12-04,2.00
2020-12-05,0.70
2020-12-06,0.00
2020-12-07,0.00
2020-12-08,0.00
2020-12-09,0.00
2020-12-10,0.00
2020-12-11,0.00
2020-12-12,0.70
2020-12-13,0.00
2020-12-14,0.00
2020-12-15,0.00
2020-12-16,0.00
2020-12-17,0.00
2020-12-18,0.00
2020-12-19,0.00
2020-12-20,0.00
2020-12-21,0.00
2020-12-22,0.00
2020-12-23,0.10
2020-12-24,0.00
2020-12-25,0.00
2020-12-26,0.00
2020-12-27,0.00
2020-12-28,0.00
2020-12-29,0.00
2020-12-30,0.00
2020-12-31,3.50
2021-01-01,3.40
2021-01-02,0.90
2021-01-03,0.50
2021-01-04,1.60
2021-01-05,0.00
2021-01-06,1.20
2021-01-07,0.00
2021-01-08,0.90
2021-01-09,0.00
2021-01-10,0.00
2021-01-11,0.00
2021-01-12,0.00
2021-01-13,0.10
2021-01-14,0.00
2021-01-15,0.70
2021-01-16,0.00
2021-01-17,0.00
2021-01-18,0.00
2021-01-19,0.50
2021-01-20,0.00
2021-01-21,0.00
2021-01-22,0.00
2021-01-23,0.00
2021-01-24,0.00
2021-01-25,0.00
2021-01-26,0.00
2021-01-27,0.00
2021-01-28,0.00
2021-01-29,0.00
2021-01-30,0.00
2021-01-31,0.00
2021-02-01,0.00
2021-02-02,0.00
2021-02-03,0.00
2021-02-04,0.00
2021-02-05,0.00
2021-02-06,0.00
2021-02-07,0.00
2021-02-08,0.00
2021-02-09,1.30
2021-02-10,0.30
2021-02-11,1.40
2021-02-12,0.20
2021-02-13,0.00
2021-02-14,0.00
2021-02-15,0.00
2021-02-16,1.00
2021-02-17,0.00
2021-02-18,0.00
2021-02-19,1.80
2021-02-20,0.00
2021-02-21,1.30
2021-02-22,0.00
2021-02-23,0.00
2021-02-24,0.00
2021-02-25,0.00
2021-02-26,0.00
2021-02-27,0.00
2021-02-28,0.00
2021-03-01,0.10
2021-03-02,0.00
2021-03-03,0.00
2021-03-04,0.00
2021-03-05,0.00
2021-03-06,0.00
2021-03-07,0.00
2021-03-08,0.00
2021-03-09,0.00
2021-03-10,0.50
2021-03-11,0.00
2021-03-12,0.00
2021-03-13,0.00
2021-03-14,0.40
2021-03-15,0.60
2021-03-16,1.80
2021-03-17,0.80
2021-03-18,0.00
2021-03-19,0.90
2021-03-20,0.00
2021-03-21,0.20
2021-03-22,2.00
2021-03-23,0.00
2021-03-24,0.00
2021-03-25,0.00
2021-03-26,0.00
2021-03-27,0.00
2021-03-28,0.00
2021-03-29,0.40
2021-03-30,0.00
2021-03-31,0.00
2021-04-01,0.00
2021-04-02,0.00
2021-04-03,0.00
2021-04-04,0.00
2021-04-05,0.00
2021-04-06,0.40
2021-04-07,6.10
2021-04-08,4.20
2021-04-09,2.20
2021-04-10,0.40
2021-04-11,1.60
2021-04-12,1.30
2021-04-13,21.40
2021-04-14,20.30
2021-04-15,8.00
2021-04-16,4.80
2021-04-17,8.90
2021-04-18,21.20
2021-04-19,7.10
2021-04-20,4.10
2021-04-21,0.10
2021-04-22,0.00
2021-04-23,2.10
2021-04-24,1.00
2021-04-25,0.50
2021-04-26,0.00
2021-04-27,0.90
2021-04-28,3.60
2021-04-29,0.10
2021-04-30,3.10
2021-05-01,3.80
2021-05-02,4.90
2021-05-03,5.60
2021-05-04,7.00
2021-05-05,22.80
2021-05-06,30.60
2021-05-07,19.70
2021-05-08,1.10
2021-05-09,3.20
2021-05-10,1.00
2021-05-11,0.00
2021-05-12,14.50
2021-05-13,1.10
2021-05-14,3.30
2021-05-15,3.40
2021-05-16,0.30
2021-05-17,2.20
2021-05-18,2.50
2021-05-19,0.00
2021-05-20,4.50
2021-05-21,16.80
2021-05-22,3.20
2021-05-23,8.90
2021-05-24,17.00
2021-05-25,12.30
2021-05-26,3.80
2021-05-27,0.70
2021-05-28,3.00
2021-05-29,1.40
2021-05-30,11.20
2021-05-31,5.00
2021-06-01,0.20
2021-06-02,0.90
2021-06-03,11.10
2021-06-04,17.60
2021-06-05,14.80
2021-06-06,10.10
2021-06-07,8.00
2021-06-08,15.40
2021-06-09,12.40
2021-06-10,29.40
2021-06-11,7.40
2021-06-12,5.50
2021-06-13,6.90
2021-06-14,24.10
2021-06-15,12.50
2021-06-16,13.70
2021-06-17,1.20
2021-06-18,7.60
2021-06-19,8.40
2021-06-20,11.30
2021-06-21,6.50
2021-06-22,10.30
2021-06-23,3.70
2021-06-24,0.30
2021-06-25,1.80
2021-06-26,8.40
2021-06-27,8.00
2021-06-28,21.40
2021-06-29,14.40
2021-06-30,16.70
2021-07-01,10.20
2021-07-02,16.00
2021-07-03,0.10
2021-07-04,4.10
2021-07-05,13.60
2021-07-06,11.60
2021-07-07,15.90
2021-07-08,0.30
2021-07-09,1.30
2021-07-10,0.00
2021-07-11,0.60
2021-07-12,7.90
2021-07-13,5.10
2021-07-14,11.60
2021-07-15,0.00
2021-07-16,0.10
2021-07-17,0.90
2021-07-18,2.80
2021-07-19,0.00
2021-07-20,0.00
2021-07-21,1.30
2021-07-22,0.00
2021-07-23,0.00
2021-07-24,0.10
2021-07-25,0.20
2021-07-26,0.50
2021-07-27,0.10
2021-07-28,19.40
2021-07-29,26.70
2021-07-30,0.40
2021-07-31,1.50
2021-08-01,1.30
2021-08-02,0.00
2021-08-03,14.00
2021-08-04,18.90
2021-08-05,16.90
2021-08-06,19.50
2021-08-07,13.20
2021-08-08,0.10
2021-08-09,0.10
2021-08-10,0.00
2021-08-11,1.10
2021-08-12,3.90
2021-08-13,0.00
2021-08-14,0.10
2021-08-15,8.40
2021-08-16,3.20
2021-08-17,10.50
2021-08-18,3.70
2021-08-19,9.10
2021-08-20,6.80
2021-08-21,15.90
2021-08-22,18.00
2021-08-23,24.40
2021-08-24,27.80
2021-08-25,1.90
2021-08-26,0.00
2021-08-27,0.20
2021-08-28,10.10
2021-08-29,25.10
2021-08-30,16.50
2021-08-31,11.00
2021-09-01,21.80
2021-09-02,11.50
2021-09-03,18.70
2021-09-04,3.90
2021-09-05,14.40
2021-09-06,1.90
2021-09-07,17.70
2021-09-08,11.10
2021-09-09,3.20
2021-09-10,46.20
2021-09-11,14.90
2021-09-12,2.10
2021-09-13,1.40
2021-09-14,3.00
2021-09-15,3.60
2021-09-16,4.80
2021-09-17,13.20
2021-09-18,0.10
2021-09-19,0.20
2021-09-20,0.20
2021-09-21,0.70
2021-09-22,1.10
2021-09-23,0.80
2021-09-24,3.20
2021-09-25,0.20
2021-09-26,2.80
2021-09-27,17.20
2021-09-28,14.80
2021-09-29,9.20
2021-09-30,6.70
2021-10-01,1.10
2021-10-02,0.50
2021-10-03,0.10
2021-10-04,0.20
2021-10-05,0.00
2021-10-06,1.40
2021-10-07,3.90
2021-10-08,1.30
2021-10-09,4.80
2021-10-10,0.60
2021-10-11,2.00
2021-10-12,1.40
2021-10-13,1.80
2021-10-14,3.00
2021-10-15,1.60
2021-10-16,0.60
2021-10-17,1.60
2021-10-18,3.50
2021-10-19,11.10
2021-10-20,14.10
2021-10-21,7.40
2021-10-22,4.80
2021-10-23,14.30
2021-10-24,5.10
2021-10-25,5.60
2021-10-26,1.30
2021-10-27,3.40
2021-10-28,7.70
2021-10-29,1.50
2021-10-30,0.00
2021-10-31,1.30
2021-11-01,0.00
2021-11-02,0.60
2021-11-03,0.30
2021-11-04,3.80
2021-11-05,0.80
2021-11-06,0.00
2021-11-07,0.00
2021-11-08,0.00
2021-11-09,0.00
2021-11-10,0.20
2021-11-11,1.50
2021-11-12,0.20
2021-11-13,0.70
2021-11-14,0.20
2021-11-15,0.50
2021-11-16,0.20
2021-11-17,6.60
2021-11-18,4.50
2021-11-19,0.10
2021-11-20,0.00
2021-11-21,0.00
2021-11-22,0.30
2021-11-23,0.00
2021-11-24,0.00
2021-11-25,0.00
2021-11-26,0.00
2021-11-27,0.00
2021-11-28,0.00
2021-11-29,0.00
2021-11-30,0.00
2021-12-01,0.00
2021-12-02,0.00
2021-12-03,0.00
2021-12-04,0.00
2021-12-05,0.00
2021-12-06,0.00
2021-12-07,0.00
2021-12-08,0.20
2021-12-09,0.00
2021-12-10,0.00
2021-12-11,0.00
2021-12-12,1.30
2021-12-13,0.00
2021-12-14,0.00
2021-12-15,5.10
2021-12-16,1.60
2021-12-17,0.00
2021-12-18,0.30
2021-12-19,0.00
2021-12-20,0.40
2021-12-21,0.30
2021-12-22,0.70
2021-12-23,0.00
2021-12-24,0.00
2021-12-25,0.00
2021-12-26,0.00
2021-12-27,0.00
2021-12-28,0.80
2021-12-29,0.00
2021-12-30,0.20
2021-12-31,0.00
2022-01-01,0.00
2022-01-02,0.80
2022-01-03,1.70
2022-01-04,0.00
2022-01-05,0.00
2022-01-06,0.80
2022-01-07,0.80
2022-01-08,0.30
2022-01-09,0.20
2022-01-10,0.60
2022-01-11,0.00
2022-01-12,0.00
2022-01-13,0.40
2022-01-14,1.30
2022-01-15,0.50
2022-01-16,0.80
2022-01-17,0.00
2022-01-18,0.00
2022-01-19,0.00
2022-01-20,0.00
2022-01-21,0.00
2022-01-22,0.00
2022-01-23,0.30
2022-01-24,0.90
2022-01-25,0.00
2022-01-26,0.40
2022-01-27,0.00
2022-01-28,0.00
2022-01-29,0.70
2022-01-30,0.00
2022-01-31,0.30
2022-02-01,0.00
2022-02-02,0.00
2022-02-03,0.00
2022-02-04,0.00
2022-02-05,0.30
2022-02-06,0.30
2022-02-07,0.30
2022-02-08,0.40
2022-02-09,0.00
2022-02-10,0.00
2022-02-11,0.80
2022-02-12,0.40
2022-02-13,0.60
2022-02-14,0.00
2022-02-15,0.00
2022-02-16,0.00
2022-02-17,0.00
2022-02-18,0.00
2022-02-19,0.00
2022-02-20,0.00
2022-02-21,0.00
2022-02-22,0.00
2022-02-23,0.00
2022-02-24,0.00
2022-02-25,0.40
2022-02-26,0.10
2022-02-27,0.00
2022-02-28,0.00
2022-03-01,0.00
2022-03-02,0.00
2022-03-03,0.00
2022-03-04,0.00
2022-03-05,0.00
2022-03-06,0.20
2022-03-07,0.50
2022-03-08,1.70
2022-03-09,3.10
2022-03-10,0.50
2022-03-11,0.80
2022-03-12,0.00
2022-03-13,0.10
2022-03-14,0.10
2022-03-15,1.50
2022-03-16,0.00
2022-03-17,1.70
2022-03-18,0.70
2022-03-19,0.00
2022-03-20,0.00
2022-03-21,0.00
2022-03-22,0.00
2022-03-23,0.90
2022-03-24,0.80
2022-03-25,0.00
2022-03-26,0.10
2022-03-27,0.40
2022-03-28,0.00
2022-03-29,1.80
2022-03-30,1.80
2022-03-31,0.20
2022-04-01,0.40
2022-04-02,0.60
2022-04-03,1.70
2022-04-04,0.90
2022-04-05,0.00
2022-04-06,0.00
2022-04-07,0.10
2022-04-08,11.90
2022-04-09,0.00
2022-04-10,0.20
2022-04-11,0.40
2022-04-12,0.00
2022-04-13,1.30
2022-04-14,1.20
2022-04-15,0.80
2022-04-16,1.50
2022-04-17,2.00
2022-04-18,0.00
2022-04-19,0.00
2022-04-20,0.70
2022-04-21,3.20
2022-04-22,0.80
2022-04-23,2.60
2022-04-24,12.30
2022-04-25,20.90
2022-04-26,0.40
2022-04-27,2.30
2022-04-28,0.90
2022-04-29,9.40
2022-04-30,38.20
2022-05-01,1.60
2022-05-02,1.20
2022-05-03,3.50
2022-05-04,4.40
2022-05-05,8.10
2022-05-06,5.90
2022-05-07,4.30
2022-05-08,3.60
2022-05-09,2.60
2022-05-10,0.50
2022-05-11,0.00
2022-05-12,0.10
2022-05-13,0.30
2022-05-14,2.70
2022-05-15,1.40
2022-05-16,1.00
2022-05-17,0.10
2022-05-18,2.70
2022-05-19,9.80
2022-05-20,5.10
2022-05-21,2.20
2022-05-22,8.00
2022-05-23,19.40
2022-05-24,20.70
2022-05-25,11.20
2022-05-26,14.50
2022-05-27,14.20
2022-05-28,21.80
2022-05-29,5.00
2022-05-30,3.60
2022-05-31,2.00
2022-06-01,0.70
2022-06-02,5.80
2022-06-03,11.60
2022-06-04,10.90
2022-06-05,6.60
2022-06-06,17.30
2022-06-07,10.20
2022-06-08,15.50
2022-06-09,17.70
2022-06-10,7.00
2022-06-11,14.30
2022-06-12,8.40
2022-06-13,23.80
2022-06-14,43.30
2022-06-15,3.70
2022-06-16,7.20
2022-06-17,29.80
2022-06-18,27.40
2022-06-19,9.40
2022-06-20,23.90
2022-06-21,25.60
2022-06-22,2.10
2022-06-23,0.50
2022-06-24,0.30
2022-06-25,5.30
2022-06-26,15.40
2022-06-27,1.20
2022-06-28,0.00
2022-06-29,0.30
2022-06-30,0.10
2022-07-01,0.00
2022-07-02,10.20
2022-07-03,18.70
2022-07-04,0.70
2022-07-05,6.60
2022-07-06,16.80
2022-07-07,1.00
2022-07-08,0.00
2022-07-09,0.40
2022-07-10,0.20
2022-07-11,19.60
2022-07-12,11.00
2022-07-13,1.60
2022-07-14,16.50
2022-07-15,0.10
2022-07-16,1.70
2022-07-17,0.00
2022-07-18,1.80
2022-07-19,9.50
2022-07-20,0.00
2022-07-21,0.80
2022-07-22,10.60
2022-07-23,16.10
2022-07-24,1.60
2022-07-25,0.60
2022-07-26,0.40
2022-07-27,9.90
2022-07-28,16.20
2022-07-29,0.70
2022-07-30,2.20
2022-07-31,3.40
2022-08-01,3.60
2022-08-02,2.40
2022-08-03,0.00
2022-08-04,0.00
2022-08-05,0.20
2022-08-06,3.90
2022-08-07,2.30
2022-08-08,1.30
2022-08-09,5.60
2022-08-10,16.20
2022-08-11,19.50
2022-08-12,17.60
2022-08-13,7.30
2022-08-14,9.00
2022-08-15,11.40
2022-08-16,14.60
2022-08-17,12.50
2022-08-18,8.60
2022-08-19,0.20
2022-08-20,5.40
2022-08-21,3.70
2022-08-22,6.00
2022-08-23,4.60
2022-08-24,16.90
2022-08-25,16.20
2022-08-26,3.30
2022-08-27,11.50
2022-08-28,9.30
2022-08-29,15.70
2022-08-30,22.10
2022-08-31,16.80
2022-09-01,17.80
2022-09-02,25.30
2022-09-03,24.80
2022-09-04,13.70
2022-09-05,15.60
2022-09-06,13.20
2022-09-07,12.40
2022-09-08,3.50
2022-09-09,3.40
2022-09-10,11.60
2022-09-11,27.40
2022-09-12,8.70
2022-09-13,12.60
2022-09-14,25.90
2022-09-15,20.50
2022-09-16,27.50
2022-09-17,46.00
2022-09-18,20.20
2022-09-19,12.60
2022-09-20,21.90
2022-09-21,24.80
2022-09-22,25.50
2022-09-23,10.70
2022-09-24,16.80
2022-09-25,14.10
2022-09-26,9.00
2022-09-27,16.20
2022-09-28,37.20
2022-09-29,1.70
2022-09-30,0.00
2022-10-01,2.30
2022-10-02,2.10
2022-10-03,1.90
2022-10-04,0.70
2022-10-05,0.10
2022-10-06,1.00
2022-10-07,0.20
2022-10-08,2.30
2022-10-09,10.50
2022-10-10,43.40
2022-10-11,12.20
2022-10-12,1.00
2022-10-13,6.70
2022-10-14,10.60
2022-10-15,15.90
2022-10-16,6.60
2022-10-17,10.20
2022-10-18,0.70
2022-10-19,16.10
2022-10-20,4.30
2022-10-21,0.90
2022-10-22,0.80
2022-10-23,0.70
2022-10-24,5.20
2022-10-25,0.20
2022-10-26,1.90
2022-10-27,0.10
2022-10-28,0.00
2022-10-29,0.00
2022-10-30,0.30
2022-10-31,0.00
2022-11-01,0.00
2022-11-02,0.60
2022-11-03,8.90
2022-11-04,6.20
2022-11-05,5.00
2022-11-06,9.70
2022-11-07,1.30
2022-11-08,0.00
2022-11-09,0.10
2022-11-10,4.10
2022-11-11,0.60
2022-11-12,0.00
2022-11-13,0.30
2022-11-14,0.40
2022-11-15,0.00
2022-11-16,1.00
2022-11-17,0.20
2022-11-18,0.40
2022-11-19,0.40
2022-11-20,0.80
2022-11-21,5.60
2022-11-22,1.30
2022-11-23,0.20
2022-11-24,0.90
2022-11-25,0.20
2022-11-26,1.40
2022-11-27,12.10
2022-11-28,22.90
2022-11-29,10.70
2022-11-30,0.00
2022-12-01,0.20
2022-12-02,0.00
2022-12-03,0.70
2022-12-04,0.00
2022-12-05,0.00
2022-12-06,0.00
2022-12-07,0.00
2022-12-08,0.30
2022-12-09,0.70
2022-12-10,0.40
2022-12-11,0.20
2022-12-12,0.40
2022-12-13,0.90
2022-12-14,0.10
2022-12-15,0.00
2022-12-16,0.00
2022-12-17,0.00
2022-12-18,0.70
2022-12-19,0.00
2022-12-20,0.00
2022-12-21,0.00
2022-12-22,0.00
2022-12-23,0.00
2022-12-24,0.40
2022-12-25,0.40
2022-12-26,0.00
2022-12-27,0.00
2022-12-28,0.00
2022-12-29,0.10
2022-12-30,0.80
2022-12-31,0.00
2023-01-01,0.30
2023-01-02,0.60
2023-01-03,0.60
2023-01-04,0.00
2023-01-05,0.10
2023-01-06,0.00
2023-01-07,0.20
2023-01-08,1.60
2023-01-09,0.60
2023-01-10,0.70
2023-01-11,0.90
2023-01-12,0.50
2023-01-13,0.00
2023-01-14,0.00
2023-01-15,0.00
2023-01-16,0.00
2023-01-17,0.80
2023-01-18,0.00
2023-01-19,0.00
2023-01-20,0.00
2023-01-21,0.80
2023-01-22,0.20
2023-01-23,0.00
2023-01-24,0.00
2023-01-25,0.10
2023-01-26,0.00
2023-01-27,0.00
2023-01-28,0.00
2023-01-29,0.00
2023-01-30,0.00
2023-01-31,0.00
2023-02-01,0.00
2023-02-02,0.00
2023-02-03,0.10
2023-02-04,0.20
2023-02-05,0.00
2023-02-06,0.00
2023-02-07,0.00
2023-02-08,0.00
2023-02-09,0.00
2023-02-10,0.00
2023-02-11,0.00
2023-02-12,0.00
2023-02-13,0.00
2023-02-14,0.00
2023-02-15,0.00
2023-02-16,0.00
2023-02-17,0.00
2023-02-18,0.00
2023-02-19,0.00
2023-02-20,0.00
2023-02-21,0.30
2023-02-22,0.60
2023-02-23,0.00
2023-02-24,0.00
2023-02-25,0.00
2023-02-26,0.00
2023-02-27,0.00
2023-02-28,0.00
2023-03-01,0.10
2023-03-02,0.00
2023-03-03,0.00
2023-03-04,0.00
2023-03-05,0.00
2023-03-06,0.00
2023-03-07,0.10
2023-03-08,2.30
2023-03-09,2.50
2023-03-10,3.40
2023-03-11,1.90
2023-03-12,0.70
2023-03-13,3.50
2023-03-14,8.70
2023-03-15,2.20
2023-03-16,1.80
2023-03-17,4.40
2023-03-18,10.30
2023-03-19,6.40
2023-03-20,0.10
2023-03-21,1.10
2023-03-22,1.20
2023-03-23,0.00
2023-03-24,1.10
2023-03-25,1.40
2023-03-26,0.50
2023-03-27,1.90
2023-03-28,0.90
2023-03-29,0.00
2023-03-30,0.00
2023-03-31,0.00
2023-04-01,0.00
2023-04-02,0.00
2023-04-03,0.00
2023-04-04,0.00
2023-04-05,0.10
2023-04-06,1.80
2023-04-07,0.00
2023-04-08,0.00
2023-04-09,0.00
2023-04-10,0.00
2023-04-11,0.00
2023-04-12,0.00
2023-04-13,1.20
2023-04-14,1.90
2023-04-15,2.40
2023-04-16,1.50
2023-04-17,1.10
2023-04-18,1.40
2023-04-19,1.80
2023-04-20,0.70
2023-04-21,2.70
2023-04-22,0.20
2023-04-23,3.20
2023-04-24,10.60
2023-04-25,9.10
2023-04-26,5.90
2023-04-27,2.60
2023-04-28,3.50
2023-04-29,2.30
2023-04-30,5.40
2023-05-01,4.60
2023-05-02,13.30
2023-05-03,2.70
2023-05-04,0.40
2023-05-05,0.00
2023-05-06,0.00
2023-05-07,0.00
2023-05-08,0.10
2023-05-09,2.50
2023-05-10,8.10
2023-05-11,4.70
2023-05-12,15.00
2023-05-13,9.50
2023-05-14,5.80
2023-05-15,5.20
2023-05-16,10.60
2023-05-17,3.20
2023-05-18,1.10
2023-05-19,0.00
2023-05-20,0.00
2023-05-21,0.00
2023-05-22,0.20
2023-05-23,2.20
2023-05-24,2.70
2023-05-25,3.60
2023-05-26,1.30
2023-05-27,3.50
2023-05-28,7.50
2023-05-29,15.20
2023-05-30,14.00
2023-05-31,16.60
2023-06-01,8.70
2023-06-02,3.20
2023-06-03,2.20
2023-06-04,7.60
2023-06-05,5.90
2023-06-06,14.90
2023-06-07,16.50
2023-06-08,6.30
2023-06-09,5.80
2023-06-10,8.60
2023-06-11,2.40
2023-06-12,0.90
2023-06-13,1.00
2023-06-14,9.30
2023-06-15,20.30
2023-06-16,8.30
2023-06-17,1.20
2023-06-18,0.30
2023-06-19,3.60
2023-06-20,27.40
2023-06-21,16.50
2023-06-22,14.90
2023-06-23,20.80
2023-06-24,15.70
2023-06-25,1.30
2023-06-26,0.90
2023-06-27,9.60
2023-06-28,8.20
2023-06-29,10.20
2023-06-30,0.80
2023-07-01,1.30
2023-07-02,7.20
2023-07-03,20.50
2023-07-04,25.70
2023-07-05,19.00
2023-07-06,0.60
2023-07-07,20.00
2023-07-08,15.20
2023-07-09,16.20
2023-07-10,0.60
2023-07-11,1.90
2023-07-12,5.70
2023-07-13,1.00
2023-07-14,0.00
2023-07-15,1.60
2023-07-16,9.90
2023-07-17,0.20
2023-07-18,0.00
2023-07-19,0.30
2023-07-20,6.60
2023-07-21,0.20
2023-07-22,16.40
2023-07-23,30.80
2023-07-24,27.90
2023-07-25,0.10
2023-07-26,0.00
2023-07-27,0.00
2023-07-28,1.50
2023-07-29,28.20
2023-07-30,17.60
2023-07-31,1.10
2023-08-01,4.30
2023-08-02,16.90
2023-08-03,7.60
2023-08-04,2.40
2023-08-05,0.00
2023-08-06,0.30
2023-08-07,2.70
2023-08-08,0.80
2023-08-09,7.00
2023-08-10,10.60
2023-08-11,0.90
2023-08-12,0.10
2023-08-13,16.90
2023-08-14,2.70
2023-08-15,9.60
2023-08-16,5.50
2023-08-17,0.20
2023-08-18,0.30
2023-08-19,0.00
2023-08-20,0.60
2023-08-21,3.00
2023-08-22,4.40
2023-08-23,1.60
2023-08-24,10.90
2023-08-25,5.50
2023-08-26,6.10
2023-08-27,5.60
2023-08-28,2.80
2023-08-29,1.00
2023-08-30,6.50
2023-08-31,10.20
2023-09-01,0.70
2023-09-02,3.20
2023-09-03,2.10
2023-09-04,18.90
2023-09-05,18.60
2023-09-06,13.90
2023-09-07,0.20
2023-09-08,3.00
2023-09-09,0.40
2023-09-10,0.80
2023-09-11,0.90
2023-09-12,1.60
2023-09-13,15.50
2023-09-14,5.50
2023-09-15,4.90
2023-09-16,0.10
2023-09-17,2.40
2023-09-18,2.00
2023-09-19,0.10
2023-09-20,13.60
2023-09-21,15.50
2023-09-22,0.40
2023-09-23,0.00
2023-09-24,10.50
2023-09-25,25.40
2023-09-26,7.10
2023-09-27,12.80
2023-09-28,22.00
2023-09-29,12.50
2023-09-30,12.60
2023-10-01,4.20
2023-10-02,16.30
2023-10-03,14.40
2023-10-04,14.10
2023-10-05,3.30
2023-10-06,9.70
2023-10-07,16.50
2023-10-08,40.80
2023-10-09,17.90
2023-10-10,16.80
2023-10-11,4.30
2023-10-12,19.90
2023-10-13,7.90
2023-10-14,3.00
2023-10-15,14.10
2023-10-16,8.00
2023-10-17,0.40
2023-10-18,0.00
2023-10-19,1.60
2023-10-20,1.40
2023-10-21,2.90
2023-10-22,7.60
2023-10-23,5.00
2023-10-24,6.30
2023-10-25,1.20
2023-10-26,8.00
2023-10-27,5.10
2023-10-28,2.50
2023-10-29,11.10
2023-10-30,0.80
2023-10-31,17.70
2023-11-01,18.10
2023-11-02,2.00
2023-11-03,1.00
2023-11-04,7.20
2023-11-05,9.90
2023-11-06,16.10
2023-11-07,2.00
2023-11-08,1.60
2023-11-09,0.00
2023-11-10,0.00
2023-11-11,1.10
2023-11-12,0.60
2023-11-13,0.80
2023-11-14,2.30
2023-11-15,0.10
2023-11-16,0.40
2023-11-17,4.80
2023-11-18,2.40
2023-11-19,0.00
2023-11-20,0.00
2023-11-21,0.00
2023-11-22,0.60
2023-11-23,0.00
2023-11-24,1.50
2023-11-25,0.90
2023-11-26,0.00
2023-11-27,0.00
2023-11-28,0.30
2023-11-29,0.40
2023-11-30,0.00
2023-12-01,0.00
2023-12-02,0.00
2023-12-03,0.00
2023-12-04,0.40
2023-12-05,0.00
2023-12-06,0.00
2023-12-07,0.20
2023-12-08,1.00
2023-12-09,0.00
2023-12-10,0.00
2023-12-11,0.00
2023-12-12,0.00
2023-12-13,0.00
2023-12-14,0.00
2023-12-15,0.40
2023-12-16,0.30
2023-12-17,0.00
2023-12-18,0.00
2023-12-19,0.00
2023-12-20,0.00
2023-12-21,0.00
2023-12-22,0.00
2023-12-23,0.00
2023-12-24,0.00
2023-12-25,0.00
2023-12-26,0.30
2023-12-27,0.00
2023-12-28,2.00
2023-12-29,3.20
2023-12-30,0.90
2023-12-31,0.00
2024-01-01,0.00
2024-01-02,0.00
2024-01-03,0.00
2024-01-04,0.10
2024-01-05,0.00
2024-01-06,0.00
2024-01-07,0.00
2024-01-08,0.00
2024-01-09,0.00
2024-01-10,0.00
2024-01-11,0.00
2024-01-12,0.00
2024-01-13,0.00
2024-01-14,0.00
2024-01-15,0.00
2024-01-16,0.00
2024-01-17,0.00
2024-01-18,0.00
2024-01-19,0.00
2024-01-20,0.00
2024-01-21,0.00
2024-01-22,0.00
2024-01-23,0.10
2024-01-24,0.00
2024-01-25,0.10
2024-01-26,0.00
2024-01-27,0.00
2024-01-28,0.00
2024-01-29,0.00
2024-01-30,0.00
2024-01-31,0.00
2024-02-01,0.00
2024-02-02,0.00
2024-02-03,0.00
2024-02-04,1.20
2024-02-05,1.60
2024-02-06,0.00
2024-02-07,0.00
2024-02-08,0.00
2024-02-09,0.00
2024-02-10,0.00
2024-02-11,0.00
2024-02-12,1.20
2024-02-13,0.00
2024-02-14,0.00
2024-02-15,0.00
2024-02-16,0.00
2024-02-17,0.00
2024-02-18,2.40
2024-02-19,0.00
2024-02-20,0.00
2024-02-21,0.00
2024-02-22,0.00
2024-02-23,0.40
2024-02-24,0.00
2024-02-25,0.00
2024-02-26,0.00
2024-02-27,0.00
2024-02-28,0.00
2024-02-29,0.00
2024-03-01,0.00
2024-03-02,0.20
2024-03-03,1.80
2024-03-04,0.80
2024-03-05,0.00
2024-03-06,0.00
2024-03-07,0.70
2024-03-08,0.00
2024-03-09,0.00
2024-03-10,0.00
2024-03-11,0.00
2024-03-12,0.00
2024-03-13,0.00
2024-03-14,0.50
2024-03-15,0.00
2024-03-16,0.50
2024-03-17,0.90
2024-03-18,0.20
2024-03-19,0.30
2024-03-20,0.00
2024-03-21,0.50
2024-03-22,0.00
2024-03-23,1.60
2024-03-24,0.30
2024-03-25,0.00
2024-03-26,0.00
2024-03-27,0.50
2024-03-28,0.40
2024-03-29,0.00
2024-03-30,0.00
2024-03-31,0.30
2024-04-01,1.60
2024-04-02,0.00
2024-04-03,1.30
2024-04-04,1.90
2024-04-05,11.20
2024-04-06,0.00
2024-04-07,0.60
2024-04-08,6.30
2024-04-09,1.70
2024-04-10,0.00
2024-04-11,0.30
2024-04-12,0.00
2024-04-13,0.00
2024-04-14,0.00
2024-04-15,0.00
2024-04-16,0.10
2024-04-17,0.90
2024-04-18,2.40
2024-04-19,9.00
2024-04-20,4.60
2024-04-21,4.60
2024-04-22,0.20
2024-04-23,0.00
2024-04-24,0.00
2024-04-25,0.00
2024-04-26,0.50
2024-04-27,2.40
2024-04-28,3.70
2024-04-29,3.50
2024-04-30,2.00
2024-05-01,0.60
2024-05-02,2.20
2024-05-03,0.70
2024-05-04,0.20
2024-05-05,1.10
2024-05-06,1.70
2024-05-07,1.80
2024-05-08,0.60
2024-05-09,0.00
2024-05-10,0.10
2024-05-11,1.00
2024-05-12,5.00
2024-05-13,1.70
2024-05-14,1.50
2024-05-15,0.80
2024-05-16,6.50
2024-05-17,9.90
2024-05-18,3.80
2024-05-19,4.30
2024-05-20,13.20
2024-05-21,2.30
2024-05-22,1.60
2024-05-23,30.50
2024-05-24,5.90
2024-05-25,2.90
2024-05-26,2.40
2024-05-27,1.90
2024-05-28,0.30
2024-05-29,0.00
2024-05-30,0.20
2024-05-31,2.40
2024-06-01,4.70
2024-06-02,4.60
2024-06-03,2.90
2024-06-04,2.40
2024-06-05,5.30
2024-06-06,23.30
2024-06-07,12.10
2024-06-08,3.20
2024-06-09,6.50
2024-06-10,17.10
2024-06-11,26.30
2024-06-12,12.40
2024-06-13,15.80
2024-06-14,5.60
2024-06-15,32.20
2024-06-16,76.50
2024-06-17,93.10
2024-06-18,21.70
2024-06-19,29.40
2024-06-20,73.90
2024-06-21,38.90
2024-06-22,13.10
2024-06-23,39.60
2024-06-24,17.00
2024-06-25,14.70
2024-06-26,29.10
2024-06-27,1.90
2024-06-28,10.40
2024-06-29,49.20
2024-06-30,13.90
2024-07-01,10.70
2024-07-02,13.90
2024-07-03,5.70
2024-07-04,0.40
2024-07-05,5.10
2024-07-06,18.30
2024-07-07,27.80
2024-07-08,35.80
2024-07-09,16.90
2024-07-10,1.70
2024-07-11,3.90
2024-07-12,12.60
2024-07-13,1.20
2024-07-14,0.10
2024-07-15,1.30
2024-07-16,1.30
2024-07-17,0.50
2024-07-18,0.70
2024-07-19,7.90
2024-07-20,17.80
2024-07-21,16.60
2024-07-22,6.30
2024-07-23,0.20
2024-07-24,0.40
2024-07-25,10.30
2024-07-26,8.70
2024-07-27,3.70
2024-07-28,15.20
2024-07-29,9.70
2024-07-30,2.20
2024-07-31,0.40
2024-08-01,9.60
2024-08-02,2.20
2024-08-03,0.50
2024-08-04,16.40
2024-08-05,1.30
2024-08-06,0.80
2024-08-07,1.00
2024-08-08,0.50
2024-08-09,13.60
2024-08-10,8.10
2024-08-11,0.70
2024-08-12,1.90
2024-08-13,3.80
2024-08-14,19.40
2024-08-15,11.60
2024-08-16,0.70
2024-08-17,3.00
2024-08-18,13.30
2024-08-19,0.10
2024-08-20,8.70
2024-08-21,7.10
2024-08-22,0.10
2024-08-23,0.30
2024-08-24,2.40
2024-08-25,0.40
2024-08-26,4.40
2024-08-27,2.20
2024-08-28,20.00
2024-08-29,9.20
2024-08-30,2.40
2024-08-31,10.90
2024-09-01,13.00
2024-09-02,12.50
2024-09-03,19.20
2024-09-04,8.80
2024-09-05,8.60
2024-09-06,21.10
2024-09-07,5.30
2024-09-08,4.20
2024-09-09,18.40
2024-09-10,7.10
2024-09-11,0.90
2024-09-12,10.80
2024-09-13,1.80
2024-09-14,1.00
2024-09-15,9.90
2024-09-16,24.30
2024-09-17,16.10
2024-09-18,11.60
2024-09-19,8.70
2024-09-20,3.30
2024-09-21,1.00
2024-09-22,14.80
2024-09-23,20.20
2024-09-24,16.80
2024-09-25,12.40
2024-09-26,4.50
2024-09-27,14.50
2024-09-28,20.80
2024-09-29,20.70
2024-09-30,15.30
2024-10-01,8.30
2024-10-02,4.90
2024-10-03,21.20
2024-10-04,4.00
2024-10-05,7.30
2024-10-06,1.50
2024-10-07,1.30
2024-10-08,19.20
2024-10-09,0.20
2024-10-10,0.00
2024-10-11,0.00
2024-10-12,1.00
2024-10-13,3.40
2024-10-14,1.30
2024-10-15,11.30
2024-10-16,17.80
2024-10-17,8.20
2024-10-18,3.70
2024-10-19,1.70
2024-10-20,23.10
2024-10-21,17.90
2024-10-22,1.50
2024-10-23,0.30
2024-10-24,0.20
2024-10-25,0.50
2024-10-26,5.50
2024-10-27,1.80
2024-10-28,0.90
2024-10-29,0.30
2024-10-30,0.90
2024-10-31,7.30
2024-11-01,2.20
2024-11-02,1.20
2024-11-03,0.80
2024-11-04,7.90
2024-11-05,3.00
2024-11-06,0.30
2024-11-07,1.00
2024-11-08,1.90
2024-11-09,0.40
2024-11-10,1.50
2024-11-11,1.70
2024-11-12,1.00
2024-11-13,8.40
2024-11-14,0.80
2024-11-15,0.60
2024-11-16,9.10
2024-11-17,23.00
2024-11-18,35.70
2024-11-19,16.20
2024-11-20,3.50
2024-11-21,0.10
2024-11-22,0.00
2024-11-23,0.00
2024-11-24,0.00
2024-11-25,0.00
2024-11-26,0.00
2024-11-27,0.00
2024-11-28,0.00
2024-11-29,0.00
2024-11-30,0.00
2024-12-01,2.20
2024-12-02,6.90
2024-12-03,0.00
2024-12-04,0.00
2024-12-05,0.00
2024-12-06,0.00
2024-12-07,0.00
2024-12-08,0.00
2024-12-09,0.20
2024-12-10,0.00
2024-12-11,0.10
2024-12-12,0.00
2024-12-13,0.00
2024-12-14,0.00
2024-12-15,0.30
2024-12-16,0.00
2024-12-17,0.30
2024-12-18,0.00
2024-12-19,0.00
2024-12-20,0.00
2024-12-21,0.00
2024-12-22,0.00
2024-12-23,0.00
2024-12-24,0.00
2024-12-25,0.90
2024-12-26,0.40
2024-12-27,0.90
2024-12-28,2.50
2024-12-29,5.20
2024-12-30,1.00
2024-12-31,2.90
2025-01-01,0.30
2025-01-02,2.00
2025-01-03,0.00
2025-01-04,0.00
2025-01-05,0.00
2025-01-06,0.00
2025-01-07,0.00
2025-01-08,0.10
2025-01-09,0.00
2025-01-10,0.00
2025-01-11,0.00
2025-01-12,0.00
2025-01-13,0.00
2025-01-14,0.00
2025-01-15,0.00
2025-01-16,0.00
2025-01-17,0.00
2025-01-18,0.00
2025-01-19,0.10
2025-01-20,0.00
2025-01-21,0.00
2025-01-22,0.00
2025-01-23,0.50
2025-01-24,0.00
2025-01-25,0.00
2025-01-26,0.00
2025-01-27,0.20
2025-01-28,0.10
2025-01-29,0.00
2025-01-30,0.40
2025-01-31,0.00
2025-02-01,0.00
2025-02-02,0.00
2025-02-03,0.00
2025-02-04,0.20
2025-02-05,0.00
2025-02-06,0.20
2025-02-07,0.00
2025-02-08,0.00
2025-02-09,1.00
2025-02-10,0.60
2025-02-11,2.60
2025-02-12,1.80
2025-02-13,0.50
2025-02-14,0.10
2025-02-15,0.90
2025-02-16,5.70
2025-02-17,0.00
2025-02-18,2.00
2025-02-19,3.30
2025-02-20,0.90
2025-02-21,0.30
2025-02-22,0.30
2025-02-23,0.00
2025-02-24,0.00
2025-02-25,0.70
2025-02-26,0.50
2025-02-27,0.10
2025-02-28,0.00
2025-03-01,0.00
2025-03-02,0.00
2025-03-03,0.10
2025-03-04,0.70
2025-03-05,0.10
2025-03-06,0.00
2025-03-07,1.50
2025-03-08,0.00
2025-03-09,0.00
2025-03-10,0.20
2025-03-11,0.00
2025-03-12,1.00
2025-03-13,1.50
2025-03-14,1.70
2025-03-15,0.40
2025-03-16,0.00
2025-03-17,0.20
2025-03-18,0.00
2025-03-19,1.20
2025-03-20,0.00
2025-03-21,0.00
2025-03-22,0.00
2025-03-23,0.00
2025-03-24,0.60
2025-03-25,0.00
2025-03-26,0.00
2025-03-27,0.00
2025-03-28,2.40
2025-03-29,3.20
2025-03-30,4.50
2025-03-31,5.30
2025-04-01,5.10
2025-04-02,3.50
2025-04-03,1.20
2025-04-04,1.60
2025-04-05,3.40
2025-04-06,1.40
2025-04-07,2.80
2025-04-08,0.10
2025-04-09,0.00
2025-04-10,0.00
2025-04-11,0.00
2025-04-12,0.00
2025-04-13,0.00
2025-04-14,0.00
2025-04-15,0.00
2025-04-16,0.00
2025-04-17,0.10
2025-04-18,0.00
2025-04-19,4.70
2025-04-20,4.60
2025-04-21,7.60
2025-04-22,3.10
2025-04-23,2.30
2025-04-24,2.70
2025-04-25,1.60
2025-04-26,0.10
2025-04-27,0.00
2025-04-28,0.00
2025-04-29,0.00
2025-04-30,3.00
2025-05-01,3.50
2025-05-02,5.30
2025-05-03,1.40
2025-05-04,2.40
2025-05-05,4.10
2025-05-06,4.10
2025-05-07,2.00
2025-05-08,8.40
2025-05-09,8.70
2025-05-10,7.40
2025-05-11,2.30
2025-05-12,1.80
2025-05-13,4.40
2025-05-14,8.20
2025-05-15,2.80
2025-05-16,2.60
2025-05-17,3.20
2025-05-18,4.60
2025-05-19,3.20
2025-05-20,1.00
2025-05-21,1.40
2025-05-22,0.00
2025-05-23,4.20
2025-05-24,0.70
2025-05-25,0.00
2025-05-26,0.90
2025-05-27,3.70
2025-05-28,1.20
2025-05-29,8.80
2025-05-30,2.40
2025-05-31,3.30
2025-06-01,9.60
2025-06-02,14.70
2025-06-03,13.80
2025-06-04,18.50
2025-06-05,39.40
2025-06-06,15.30
2025-06-07,24.10
2025-06-08,9.80
2025-06-09,20.60
2025-06-10,24.30
2025-06-11,2.70
2025-06-12,24.50
2025-06-13,8.80
2025-06-14,10.30
2025-06-15,12.70
2025-06-16,29.20
2025-06-17,25.10
2025-06-18,9.80
2025-06-19,16.60
2025-06-20,7.30
2025-06-21,16.70
2025-06-22,0.40
2025-06-23,1.20
2025-06-24,0.00
2025-06-25,5.10
2025-06-26,22.70
2025-06-27,35.50
2025-06-28,35.60
2025-06-29,0.30
2025-06-30,1.60
2025-07-01,3.40
2025-07-02,0.90
2025-07-03,0.00
2025-07-04,0.00
2025-07-05,0.40
2025-07-06,7.20
2025-07-07,13.60
2025-07-08,0.80
2025-07-09,0.00
2025-07-10,0.20
2025-07-11,1.70
2025-07-12,0.30
2025-07-13,5.90
2025-07-14,0.30
2025-07-15,0.00
2025-07-16,0.00
2025-07-17,0.00
2025-07-18,1.10
2025-07-19,0.30
2025-07-20,0.30
2025-07-21,0.00
2025-07-22,1.20
2025-07-23,6.60
2025-07-24,0.90
2025-07-25,2.80
2025-07-26,16.20
2025-07-27,3.10
2025-07-28,0.00
2025-07-29,3.40
2025-07-30,7.20
2025-07-31,10.00
2025-08-01,0.40
2025-08-02,1.40
2025-08-03,0.40
2025-08-04,1.30
2025-08-05,12.40
2025-08-06,7.40
2025-08-07,0.00
2025-08-08,0.00
2025-08-09,6.20
2025-08-10,1.10
2025-08-11,2.20
2025-08-12,0.60
2025-08-13,9.00
2025-08-14,0.80
2025-08-15,0.10
2025-08-16,5.00
2025-08-17,0.60
2025-08-18,0.50
2025-08-19,2.10
2025-08-20,9.30
2025-08-21,14.30
2025-08-22,8.00
2025-08-23,15.40
2025-08-24,0.90
2025-08-25,12.80
2025-08-26,0.40
2025-08-27,1.00
2025-08-28,7.00
2025-08-29,18.90
2025-08-30,13.20
2025-08-31,5.60
2025-09-01,0.80
2025-09-02,1.00
2025-09-03,14.50
2025-09-04,4.70
2025-09-05,8.50
2025-09-06,23.90
2025-09-07,9.10
2025-09-08,7.50
2025-09-09,22.70
2025-09-10,15.80
2025-09-11,1.50
2025-09-12,6.60
2025-09-13,22.10
2025-09-14,21.90
2025-09-15,16.60
2025-09-16,17.20
2025-09-17,16.60
2025-09-18,18.50
2025-09-19,15.60
2025-09-20,11.90
2025-09-21,16.20
2025-09-22,12.20
2025-09-23,15.00
2025-09-24,1.10
2025-09-25,0.90
2025-09-26,3.60
2025-09-27,6.70
2025-09-28,8.90
2025-09-29,17.20
2025-09-30,14.60
2025-10-01,13.90
2025-10-02,15.90
2025-10-03,22.00
2025-10-04,25.80
2025-10-05,17.10
2025-10-06,17.20
2025-10-07,15.00
2025-10-08,1.70
2025-10-09,12.40
2025-10-10,11.00
2025-10-11,9.10
2025-10-12,4.10
2025-10-13,7.80
2025-10-14,7.90
2025-10-15,2.60
2025-10-16,10.70
2025-10-17,14.70
2025-10-18,14.90
2025-10-19,16.80
2025-10-20,2.90
2025-10-21,1.50
2025-10-22,2.90
2025-10-23,2.70
2025-10-24,0.50
2025-10-25,0.00
2025-10-26,0.10
2025-10-27,0.00
2025-10-28,0.50
2025-10-29,0.00
2025-10-30,0.00
2025-10-31,0.00
2025-11-01,0.00
2025-11-02,0.10
2025-11-03,0.00
2025-11-04,0.00
2025-11-05,0.30
2025-11-06,0.10
2025-11-07,2.60
2025-11-08,0.20
2025-11-09,1.00
2025-11-10,4.90
2025-11-11,0.00
2025-11-12,0.40
2025-11-13,0.30
2025-11-14,0.50
2025-11-15,1.00
2025-11-16,6.40
2025-11-17,3.60
2025-11-18,0.30
2025-11-19,0.30
2025-11-20,0.00
2025-11-21,0.00
2025-11-22,0.00
2025-11-23,0.20
2025-11-24,0.10
2025-11-25,0.20
2025-11-26,0.60
2025-11-27,0.10
2025-11-28,0.00
2025-11-29,0.90
2025-11-30,0.10
2025-12-01,0.00
2025-12-02,1.40
2025-12-03,0.20
2025-12-04,0.00
2025-12-05,0.00
2025-12-06,1.20
2025-12-07,2.50
2025-12-08,4.30
2025-12-09,1.00
2025-12-10,0.60
2025-12-11,0.10
2025-12-12,0.40
2025-12-13,0.40
2025-12-14,0.60
2025-12-15,0.00
2025-12-16,0.00
2025-12-17,10.20
2025-12-18,15.70
2025-12-19,0.00
2025-12-20,0.00
2025-12-21,1.10
2025-12-22,0.30
2025-12-23,0.40
2025-12-24,0.20
2025-12-25,2.30
2025-12-26,0.80
2025-12-27,0.60
2025-12-28,1.20
2025-12-29,0.00
2025-12-30,0.40
2025-12-31,0.00
